kepid,koi_period,koi_disposition
10797460,9.48803557,"CONFIRMED"
10797460,54.4183827,"CONFIRMED"
10854555,2.525591777,"CONFIRMED"
10872983,11.09432054,"CONFIRMED"
10872983,4.13443512,"CONFIRMED"
10872983,2.56658897,"CONFIRMED"
10910878,16.06864674,"CONFIRMED"
11446443,2.470613377,"CONFIRMED"
10666592,2.204735417,"CONFIRMED"
6922244,3.522498429,"CONFIRMED"
10984090,3.709214104,"CONFIRMED"
10526549,9.27358173,"CONFIRMED"
10583066,6.02930329,"CONFIRMED"
10601284,5.349553819,"CONFIRMED"
10601284,3.94105221,"CONFIRMED"
10601284,8.10904807,"CONFIRMED"
10662202,21.67699193,"CONFIRMED"
10682541,4.99677968,"CONFIRMED"
11460018,4.280963604,"CONFIRMED"
11507101,38.3775486,"CONFIRMED"
10910878,41.19725502,"CONFIRMED"
10910878,6.252962249,"CONFIRMED"
10987985,16.01308419,"CONFIRMED"
11018648,32.62876672,"CONFIRMED"
11018648,91.7732862,"CONFIRMED"
11138155,4.959319244,"CONFIRMED"
11153539,4.49876511,"CONFIRMED"
9579641,5.412203927,"CONFIRMED"
11304958,41.43958662,"CONFIRMED"
11391957,8.35389523,"CONFIRMED"
11403044,4.125543472,"CONFIRMED"
11414511,2.816504904,"CONFIRMED"
12110942,3.689920099,"CONFIRMED"
12366084,4.431238488,"CONFIRMED"
12366084,11.37936986,"CONFIRMED"
12404086,26.39432897,"CONFIRMED"
8395660,13.57078281,"CONFIRMED"
9579641,7.12594387,"CONFIRMED"
11754553,16.38489988,"CONFIRMED"
11754553,7.8774163,"CONFIRMED"
11754553,36.4454001,"CONFIRMED"
11812062,3.728732147,"CONFIRMED"
11853255,2.243380573,"CONFIRMED"
11918099,2.337437946,"CONFIRMED"
11923270,11.59822233,"CONFIRMED"
11960862,6.575315881,"CONFIRMED"
12020329,7.275040844,"CONFIRMED"
12066335,19.27153892,"CONFIRMED"
12066335,10.06524317,"CONFIRMED"
12070811,12.3935651,"CONFIRMED"
8395660,43.84439721,"CONFIRMED"
3342970,2.711504086,"CONFIRMED"
3342970,7.21203748,"CONFIRMED"
12470844,8.47237911,"CONFIRMED"
12470844,60.4189369,"CONFIRMED"
12644822,12.611904345,"CONFIRMED"
2713049,2.539183147,"CONFIRMED"
3114167,6.770300385,"CONFIRMED"
4139816,20.06036336,"CONFIRMED"
4139816,46.1842039,"CONFIRMED"
8395660,23.9800854,"CONFIRMED"
4139816,7.82502168,"CONFIRMED"
4275191,3.895936525,"CONFIRMED"
4476123,22.36646466,"CONFIRMED"
3351888,1.625522174,"CONFIRMED"
3641726,9.02930689,"CONFIRMED"
3832474,143.2063047,"CONFIRMED"
8395660,6.164876,"CONFIRMED"
3832474,60.32494216,"CONFIRMED"
3832474,29.1598615,"CONFIRMED"
3935914,1.594745374,"CONFIRMED"
3940418,4.783002698,"CONFIRMED"
4049131,20.50588921,"CONFIRMED"
4139816,3.340218842,"CONFIRMED"
5358241,18.64932728,"CONFIRMED"
10875245,4.90144976,"CONFIRMED"
5358241,9.75192101,"CONFIRMED"
5358241,38.5576546,"CONFIRMED"
5358624,3.525632539,"CONFIRMED"
4664847,7.748094239,"CONFIRMED"
4725681,23.96793669,"CONFIRMED"
4725681,8.29561738,"CONFIRMED"
4913852,8.11437482,"CONFIRMED"
10875245,14.74914825,"CONFIRMED"
5021899,21.81295996,"CONFIRMED"
5164255,15.37562369,"CONFIRMED"
5252423,8.10363271,"CONFIRMED"
5252423,4.71510843,"CONFIRMED"
5272878,6.365839713,"CONFIRMED"
5651104,3.04033046,"CONFIRMED"
5792202,15.33528675,"CONFIRMED"
10875245,7.95825328,"CONFIRMED"
5792202,31.33046135,"CONFIRMED"
5436502,23.65369415,"CONFIRMED"
5436502,13.23352214,"CONFIRMED"
5436502,6.15560285,"CONFIRMED"
5436502,2.090811305,"CONFIRMED"
10875245,3.180027898,"CONFIRMED"
5436502,50.4467417,"CONFIRMED"
5456651,11.76307164,"CONFIRMED"
5456651,56.2279271,"CONFIRMED"
5531576,7.953547,"CONFIRMED"
5531576,4.14451656,"CONFIRMED"
6291653,10.526294577,"CONFIRMED"
6392727,4.583520948,"CONFIRMED"
6422070,3.76181843,"CONFIRMED"
6428700,8.20396958,"CONFIRMED"
6428700,14.49645186,"CONFIRMED"
5792202,6.54626149,"CONFIRMED"
5794379,12.71809866,"CONFIRMED"
5794379,36.06588163,"CONFIRMED"
5881688,4.190425659,"CONFIRMED"
6022556,3.709870784,"CONFIRMED"
6032497,16.3297527,"CONFIRMED"
6061119,27.807566216,"CONFIRMED"
6191521,80.8723469,"CONFIRMED"
3531558,24.99324319,"CONFIRMED"
6276477,10.35533116,"CONFIRMED"
6863998,16.08518937,"CONFIRMED"
6948054,7.49018305,"CONFIRMED"
6948054,36.2761238,"CONFIRMED"
6948054,17.46087931,"CONFIRMED"
6435936,56.0560754,"CONFIRMED"
6522242,41.408316686,"CONFIRMED"
6587280,5.715425977,"CONFIRMED"
9471974,49.18394185,"CONFIRMED"
6587280,20.0261412,"CONFIRMED"
6685526,2.237489571,"CONFIRMED"
6784235,3.167893418,"CONFIRMED"
6849310,4.311780262,"CONFIRMED"
6849310,20.0504494,"CONFIRMED"
6849310,9.76734503,"CONFIRMED"
9471974,190.3200468,"CONFIRMED"
7366258,26.44439337,"CONFIRMED"
7366258,51.53997972,"CONFIRMED"
7366258,5.902245782,"CONFIRMED"
7366258,2.382951591,"CONFIRMED"
7373451,21.02250608,"CONFIRMED"
6948054,3.219814777,"CONFIRMED"
6949607,5.912273234,"CONFIRMED"
6949607,8.98581901,"CONFIRMED"
7109675,33.60123371,"CONFIRMED"
7109675,6.76652928,"CONFIRMED"
7118364,4.347288783,"CONFIRMED"
7134976,4.601811819,"CONFIRMED"
7134976,11.18719905,"CONFIRMED"
7135852,4.220965778,"CONFIRMED"
7287995,5.95489993,"CONFIRMED"
7287995,12.03987488,"CONFIRMED"
7287995,20.83762895,"CONFIRMED"
7303253,23.58917143,"CONFIRMED"
5094751,6.481633073,"CONFIRMED"
7678434,10.37168928,"CONFIRMED"
7678434,3.96996298,"CONFIRMED"
7685981,4.40841331,"CONFIRMED"
7373451,226.8904775,"CONFIRMED"
7434875,9.439459486,"CONFIRMED"
8349582,11.523067458,"CONFIRMED"
7434875,20.47748843,"CONFIRMED"
7434875,3.336123113,"CONFIRMED"
7455287,8.01078456,"CONFIRMED"
7455287,12.07134205,"CONFIRMED"
7455287,20.99587872,"CONFIRMED"
7458762,7.41113177,"CONFIRMED"
757450,8.884922995,"CONFIRMED"
7585481,8.09888906,"CONFIRMED"
7663691,10.00653012,"CONFIRMED"
5812701,17.855221681,"CONFIRMED"
8039892,5.007316661,"CONFIRMED"
8150320,2.211116989,"CONFIRMED"
8150320,27.9541337,"CONFIRMED"
11086270,12.69104387,"CONFIRMED"
7825899,16.23947096,"CONFIRMED"
7825899,6.308201629,"CONFIRMED"
7849854,2.052349884,"CONFIRMED"
7870390,9.7704486,"CONFIRMED"
7870390,5.169804269,"CONFIRMED"
5094751,21.22261195,"CONFIRMED"
7870390,20.09017037,"CONFIRMED"
7907423,7.11373257,"CONFIRMED"
7907423,3.306551643,"CONFIRMED"
7907423,15.36845737,"CONFIRMED"
7938496,13.81020318,"CONFIRMED"
8490993,4.093578461,"CONFIRMED"
8490993,105.145959,"CONFIRMED"
8505670,10.8484518,"CONFIRMED"
8505670,6.66833241,"CONFIRMED"
8544996,4.082274889,"CONFIRMED"
8150320,42.1406089,"CONFIRMED"
8150320,4.617490562,"CONFIRMED"
8150320,10.19849255,"CONFIRMED"
8226994,7.15681552,"CONFIRMED"
8226994,17.64830851,"CONFIRMED"
8226994,4.14810719,"CONFIRMED"
8247638,16.51410989,"CONFIRMED"
8247638,30.1329298,"CONFIRMED"
8247638,4.79090809,"CONFIRMED"
11086270,31.71981013,"CONFIRMED"
8247638,99.6415962,"CONFIRMED"
8255887,4.708326451,"CONFIRMED"
8414716,5.392026903,"CONFIRMED"
9141746,6.491682808,"CONFIRMED"
9166862,3.855603916,"CONFIRMED"
11449844,38.47876629,"CONFIRMED"
8628973,3.314947362,"CONFIRMED"
8672910,39.6431552,"CONFIRMED"
8689031,21.80451611,"CONFIRMED"
8689373,10.28194593,"CONFIRMED"
8689373,18.11993039,"CONFIRMED"
8689373,3.78402867,"CONFIRMED"
8826878,5.15448142,"CONFIRMED"
8883593,5.743469797,"CONFIRMED"
9077124,3.166353562,"CONFIRMED"
9466668,3.388012244,"CONFIRMED"
9466668,5.83909761,"CONFIRMED"
9466668,1.620467654,"CONFIRMED"
9466668,10.6816951,"CONFIRMED"
9479273,6.104849417,"CONFIRMED"
8359498,3.578780566,"CONFIRMED"
9334289,5.826657508,"CONFIRMED"
9334289,12.41216347,"CONFIRMED"
9334289,18.74649011,"CONFIRMED"
9347899,20.86021229,"CONFIRMED"
9347899,42.63427848,"CONFIRMED"
9347899,87.6476068,"CONFIRMED"
9388479,9.467821474,"CONFIRMED"
9388479,0.893040969,"CONFIRMED"
11359879,4.942783419,"CONFIRMED"
9406990,20.83426731,"CONFIRMED"
9415172,9.94602357,"CONFIRMED"
9415172,1.04562195,"CONFIRMED"
9415172,5.71462396,"CONFIRMED"
3231341,8.14515981,"CONFIRMED"
3231341,18.9985279,"CONFIRMED"
3231341,4.24439049,"CONFIRMED"
7626506,28.5742692,"CONFIRMED"
10482160,7.34373964,"CONFIRMED"
8559644,224.7789355,"CONFIRMED"
3240158,7.42608123,"CONFIRMED"
3240158,15.9868932,"CONFIRMED"
3218908,18.92537246,"CONFIRMED"
10350571,31.5925809,"CONFIRMED"
10350571,17.157236,"CONFIRMED"
3749365,1.97376085,"CONFIRMED"
3632418,2.785821236,"CONFIRMED"
5809890,1.269091415,"CONFIRMED"
5809890,2.853133997,"CONFIRMED"
6131236,6.79685353,"CONFIRMED"
3218908,1.475323222,"CONFIRMED"
3218908,4.15246118,"CONFIRMED"
2837111,8.7348852,"CONFIRMED"
9032900,67.5923754,"CONFIRMED"
5956342,17.02902786,"CONFIRMED"
5956342,6.84619236,"CONFIRMED"
5956342,67.8321638,"CONFIRMED"
5956342,43.1312147,"CONFIRMED"
5956656,1.224866441,"CONFIRMED"
3109930,37.8102649,"CONFIRMED"
2854914,25.93406406,"CONFIRMED"
2854914,83.4463485,"CONFIRMED"
3116412,12.99204853,"CONFIRMED"
8394721,52.09081627,"CONFIRMED"
1161345,4.28746668,"CONFIRMED"
2854698,8.18739443,"CONFIRMED"
2854698,76.0498163,"CONFIRMED"
8559644,3.341799486,"CONFIRMED"
2849805,3.749105745,"CONFIRMED"
3114811,11.08956602,"CONFIRMED"
3554031,8.70798309,"CONFIRMED"
3554031,4.17634276,"CONFIRMED"
8394721,27.40229859,"CONFIRMED"
7295235,3.179267286,"CONFIRMED"
2302548,10.38122447,"CONFIRMED"
2302548,24.5709023,"CONFIRMED"
9818381,3.024092505,"CONFIRMED"
6060203,1.022678654,"CONFIRMED"
5880320,12.10968709,"CONFIRMED"
5880320,4.75796103,"CONFIRMED"
5880320,20.4972755,"CONFIRMED"
3859079,53.5292702,"CONFIRMED"
4061149,2.757584622,"CONFIRMED"
3444588,0.928310036,"CONFIRMED"
8394721,13.48457668,"CONFIRMED"
3962243,31.8841473,"CONFIRMED"
10154388,12.06222962,"CONFIRMED"
1432789,9.93146307,"CONFIRMED"
1718189,21.85362905,"CONFIRMED"
5880320,8.19345065,"CONFIRMED"
6037187,41.8059544,"CONFIRMED"
5735762,4.77800306,"CONFIRMED"
6359320,5.32667299,"CONFIRMED"
3859628,8.17242644,"CONFIRMED"
1718189,13.0607936,"CONFIRMED"
8222813,8.70420525,"CONFIRMED"
6359320,8.1280933,"CONFIRMED"
6362874,0.974868896,"CONFIRMED"
6272413,4.89721006,"CONFIRMED"
3447722,16.08832318,"CONFIRMED"
3447722,10.30067919,"CONFIRMED"
3447722,35.6757453,"CONFIRMED"
2165002,16.56806842,"CONFIRMED"
2165002,47.3329299,"CONFIRMED"
1871056,40.8065333,"CONFIRMED"
8222813,2.46697039,"CONFIRMED"
8240904,6.61836309,"CONFIRMED"
8240904,107.7214092,"CONFIRMED"
5735762,9.673958488,"CONFIRMED"
3962243,14.12847677,"CONFIRMED"
3962243,48.6478543,"CONFIRMED"
3438507,8.39842977,"CONFIRMED"
3869014,8.63847391,"CONFIRMED"
1871056,140.10765,"CONFIRMED"
1865042,3.4815917,"CONFIRMED"
5780460,35.61760233,"CONFIRMED"
8229696,10.12805158,"CONFIRMED"
10272640,3.770551475,"CONFIRMED"
8346392,5.72812616,"CONFIRMED"
8288947,3.75574267,"CONFIRMED"
9480189,6.581477136,"CONFIRMED"
11974540,24.669192732,"CONFIRMED"
9480189,2.382652873,"CONFIRMED"
9480189,24.66461416,"CONFIRMED"
9512687,11.51517167,"CONFIRMED"
8644288,7.641567589,"CONFIRMED"
1725016,7.40742502,"CONFIRMED"
5446285,10.916108342,"CONFIRMED"
10166274,3.353732008,"CONFIRMED"
10166274,6.877446033,"CONFIRMED"
10166274,28.46464804,"CONFIRMED"
5735762,42.89645024,"CONFIRMED"
8351704,7.09712124,"CONFIRMED"
9513865,3.601465336,"CONFIRMED"
9605514,25.8474958,"CONFIRMED"
9605514,40.715561,"CONFIRMED"
8125580,17.31711739,"CONFIRMED"
8158127,9.42889884,"CONFIRMED"
10141900,6.50327035,"CONFIRMED"
10141900,4.09667624,"CONFIRMED"
10141900,1.196548464,"CONFIRMED"
8410727,11.47609015,"CONFIRMED"
8410727,25.2630467,"CONFIRMED"
8278371,0.677374687,"CONFIRMED"
8280511,10.43547031,"CONFIRMED"
8280511,7.41084314,"CONFIRMED"
9710326,28.59914031,"CONFIRMED"
9761882,24.58716355,"CONFIRMED"
9766437,12.53248222,"CONFIRMED"
9775938,13.19720694,"CONFIRMED"
8644288,14.85890852,"CONFIRMED"
8158127,4.08897299,"CONFIRMED"
8174625,17.44486016,"CONFIRMED"
10157458,7.33685101,"CONFIRMED"
10118816,7.71790675,"CONFIRMED"
10122255,27.6652847,"CONFIRMED"
3835670,14.55730897,"CONFIRMED"
9775938,33.6528474,"CONFIRMED"
9787239,5.90127815,"CONFIRMED"
9787239,8.75209691,"CONFIRMED"
9787239,22.78078241,"CONFIRMED"
9787239,2.896005211,"CONFIRMED"
9787239,0.742957911,"CONFIRMED"
2716853,18.82744023,"CONFIRMED"
2715135,5.747711909,"CONFIRMED"
8644288,3.504691252,"CONFIRMED"
3247268,86.67856052,"CONFIRMED"
3247268,12.21828097,"CONFIRMED"
10354039,64.617518,"CONFIRMED"
10330115,13.21409607,"CONFIRMED"
10426656,6.05729966,"CONFIRMED"
9820483,3.584101048,"CONFIRMED"
9941662,1.763587535,"CONFIRMED"
7778437,5.014234733,"CONFIRMED"
9823457,8.11528727,"CONFIRMED"
9823457,36.9250409,"CONFIRMED"
2164169,32.3122867,"CONFIRMED"
2574338,9.22961384,"CONFIRMED"
2584163,14.5598556,"CONFIRMED"
4180280,4.176254191,"CONFIRMED"
2721030,6.10027621,"CONFIRMED"
7626506,8.408878137,"CONFIRMED"
10426656,10.93725572,"CONFIRMED"
10426656,2.97136658,"CONFIRMED"
10528068,158.6850022,"CONFIRMED"
10468940,2.936527336,"CONFIRMED"
9825625,7.03902016,"CONFIRMED"
9875711,8.360870704,"CONFIRMED"
1026957,21.76129812,"CONFIRMED"
2853093,161.5278347,"CONFIRMED"
3245969,11.39102358,"CONFIRMED"
3231341,12.33343853,"CONFIRMED"
10468940,8.01500821,"CONFIRMED"
10337517,7.053934488,"CONFIRMED"
10337517,4.29263699,"CONFIRMED"
10351231,7.6746614,"CONFIRMED"
8561063,1.213770423,"CONFIRMED"
8561063,0.453287416,"CONFIRMED"
8561063,1.865114193,"CONFIRMED"
7102227,36.7704935,"CONFIRMED"
7102227,14.58932429,"CONFIRMED"
7102227,0.764017553,"CONFIRMED"
6960913,59.8780258,"CONFIRMED"
11122894,74.92768653,"CONFIRMED"
11122894,150.0189511,"CONFIRMED"
11129738,2.613020421,"CONFIRMED"
11401182,0.927859786,"CONFIRMED"
11030711,205.912735,"CONFIRMED"
11512246,7.10695741,"CONFIRMED"
6690082,2.1395563,"CONFIRMED"
6690082,4.807103254,"CONFIRMED"
6448890,21.4054422,"CONFIRMED"
6448890,10.5007712,"CONFIRMED"
10730034,2.633852528,"CONFIRMED"
10730034,6.18670882,"CONFIRMED"
10858691,1.796320953,"CONFIRMED"
10858691,3.468073,"CONFIRMED"
10858691,5.9142668,"CONFIRMED"
8107380,14.00640392,"CONFIRMED"
6936909,3.546531809,"CONFIRMED"
6936909,5.70070626,"CONFIRMED"
6962977,20.8341497,"CONFIRMED"
6962977,7.0556584,"CONFIRMED"
11176127,10.47548084,"CONFIRMED"
11176127,22.92886314,"CONFIRMED"
11176127,77.4740991,"CONFIRMED"
11014932,6.88595222,"CONFIRMED"
8030148,5.660669429,"CONFIRMED"
6693640,13.71938426,"CONFIRMED"
10858691,29.2214959,"CONFIRMED"
10973814,44.8520997,"CONFIRMED"
10973814,20.34237838,"CONFIRMED"
6541920,118.3786735,"CONFIRMED"
10586208,23.58444746,"CONFIRMED"
6962977,11.97884409,"CONFIRMED"
6962977,3.71545593,"CONFIRMED"
6962977,2.58083264,"CONFIRMED"
6932987,19.25404023,"CONFIRMED"
11014932,15.0549356,"CONFIRMED"
11014932,2.92721119,"CONFIRMED"
11014932,38.2856338,"CONFIRMED"
11288505,19.80787763,"CONFIRMED"
11493431,2.343230566,"CONFIRMED"
10854768,10.1171684,"CONFIRMED"
10964440,19.12947603,"CONFIRMED"
10713616,83.5781976,"CONFIRMED"
10963242,6.1469956,"CONFIRMED"
6932987,54.1558384,"CONFIRMED"
8191672,3.548465446,"CONFIRMED"
6851425,11.1199028,"CONFIRMED"
6934291,0.567856484,"CONFIRMED"
11037335,40.7150498,"CONFIRMED"
11037335,10.44635944,"CONFIRMED"
11389771,2.508553286,"CONFIRMED"
11389771,13.75129636,"CONFIRMED"
10925104,8.041347775,"CONFIRMED"
10585852,8.57504983,"CONFIRMED"
10794087,7.64970832,"CONFIRMED"
6541920,10.30401132,"CONFIRMED"
7287415,3.016182013,"CONFIRMED"
6924203,6.8833761,"CONFIRMED"
11389771,5.41908491,"CONFIRMED"
11599038,7.01733571,"CONFIRMED"
11193263,6.91134223,"CONFIRMED"
11027624,394.6249514,"CONFIRMED"
11032227,7.19304935,"CONFIRMED"
8751933,86.64764448,"CONFIRMED"
8630788,36.33750453,"CONFIRMED"
8630788,14.64613058,"CONFIRMED"
8630788,148.272013,"CONFIRMED"
4164994,10.50682978,"CONFIRMED"
6766634,321.2124365,"CONFIRMED"
7211469,11.29689442,"CONFIRMED"
7831264,5.968724048,"CONFIRMED"
7532973,2.144632238,"CONFIRMED"
8678594,133.460999,"CONFIRMED"
10925104,5.188563677,"CONFIRMED"
8678594,15.19423359,"CONFIRMED"
4076098,3.990105908,"CONFIRMED"
4282872,10.035381809,"CONFIRMED"
7211221,5.62154315,"CONFIRMED"
11356260,8.50698069,"CONFIRMED"
11600889,0.669310092,"CONFIRMED"
11043167,44.9306706,"CONFIRMED"
8612847,14.13175309,"CONFIRMED"
8547140,11.41926141,"CONFIRMED"
4072526,33.1996355,"CONFIRMED"
4455231,19.30581662,"CONFIRMED"
9527915,13.22175358,"CONFIRMED"
11336883,7.16893064,"CONFIRMED"
8564587,5.729317577,"CONFIRMED"
10925104,11.776132317,"CONFIRMED"
8564587,11.60908533,"CONFIRMED"
8806072,40.05881661,"CONFIRMED"
4455231,6.09747233,"CONFIRMED"
4455231,56.637918,"CONFIRMED"
8972058,8.99088621,"CONFIRMED"
7832356,7.886632468,"CONFIRMED"
9643874,8.027681123,"CONFIRMED"
8800954,704.962626,"CONFIRMED"
8583696,50.28635977,"CONFIRMED"
8804283,22.79020351,"CONFIRMED"
8804283,13.26079792,"CONFIRMED"
4155328,127.8334997,"CONFIRMED"
4077526,10.21864532,"CONFIRMED"
4077526,15.573637,"CONFIRMED"
4077526,40.1015561,"CONFIRMED"
4077526,4.45814897,"CONFIRMED"
8935810,6.230335,"CONFIRMED"
2441495,12.49340725,"CONFIRMED"
9455556,6.62643441,"CONFIRMED"
9455556,3.70122061,"CONFIRMED"
3732821,13.73474071,"CONFIRMED"
3962357,14.55387488,"CONFIRMED"
8394721,81.0637895,"CONFIRMED"
8609450,24.8056775,"CONFIRMED"
6541920,13.02493307,"CONFIRMED"
8609450,44.3471936,"CONFIRMED"
8609450,9.2207691,"CONFIRMED"
8609450,13.6396648,"CONFIRMED"
4243911,1.922799706,"CONFIRMED"
4466677,3.222975318,"CONFIRMED"
4135665,4.16811839,"CONFIRMED"
9269281,5.82348911,"CONFIRMED"
9034103,7.13969705,"CONFIRMED"
9214942,18.75470238,"CONFIRMED"
3749134,11.30123036,"CONFIRMED"
3660924,4.24153629,"CONFIRMED"
3939150,17.32419108,"CONFIRMED"
8628758,14.37457572,"CONFIRMED"
8628758,9.65188331,"CONFIRMED"
8742590,49.4781446,"CONFIRMED"
8822366,30.8639476,"CONFIRMED"
8972058,2.403640701,"CONFIRMED"
4650674,4.51436096,"CONFIRMED"
4275721,3.77359871,"CONFIRMED"
4275721,8.18182189,"CONFIRMED"
8874090,13.32389352,"CONFIRMED"
11666881,4.919584997,"CONFIRMED"
9264949,11.41911886,"CONFIRMED"
9271752,11.36113254,"CONFIRMED"
9150827,14.53410833,"CONFIRMED"
3939150,33.0063185,"CONFIRMED"
3839488,11.13127159,"CONFIRMED"
3442055,29.6193891,"CONFIRMED"
12252424,8.925079516,"CONFIRMED"
8700771,8.0922105,"CONFIRMED"
6541920,22.687155,"CONFIRMED"
4136466,4.48758768,"CONFIRMED"
9391208,16.56062577,"CONFIRMED"
9391506,15.74958583,"CONFIRMED"
8950853,37.8145252,"CONFIRMED"
9006449,12.64504291,"CONFIRMED"
9006449,21.5262958,"CONFIRMED"
9006449,33.8845825,"CONFIRMED"
4043190,6.40087137,"CONFIRMED"
3640905,30.1599411,"CONFIRMED"
3640905,51.0771048,"CONFIRMED"
10790387,117.93110803,"CONFIRMED"
7303287,125.86540191,"CONFIRMED"
7303287,34.5439452,"CONFIRMED"
11512246,10.74241765,"CONFIRMED"
11517719,2.495780169,"CONFIRMED"
12252424,4.75400072,"CONFIRMED"
10874614,3.234699282,"CONFIRMED"
6541920,31.99552485,"CONFIRMED"
7211141,51.92920654,"CONFIRMED"
7376983,5.644914154,"CONFIRMED"
5084942,3.105507835,"CONFIRMED"
11497958,5.841636615,"CONFIRMED"
11497958,19.85029495,"CONFIRMED"
11512246,15.27443889,"CONFIRMED"
10604335,11.00817635,"CONFIRMED"
10604335,92.7495777,"CONFIRMED"
10864656,52.5008645,"CONFIRMED"
10975146,0.63133171,"CONFIRMED"
10538176,12.69905011,"CONFIRMED"
7376983,8.74292005,"CONFIRMED"
7376983,3.64830183,"CONFIRMED"
7376983,2.345863002,"CONFIRMED"
6946199,37.1011418,"CONFIRMED"
11497958,10.8644095,"CONFIRMED"
11177707,124.4197175,"CONFIRMED"
11611600,1.219568047,"CONFIRMED"
11254382,2.05388477,"CONFIRMED"
11122894,38.86848956,"CONFIRMED"
6677841,35.7353616,"CONFIRMED"
6677841,12.30971679,"CONFIRMED"
6677841,54.4205407,"CONFIRMED"
6383821,27.07237655,"CONFIRMED"
10538176,37.5142128,"CONFIRMED"
10724369,55.6391882,"CONFIRMED"
6541920,46.6856205,"CONFIRMED"
10744335,4.59726613,"CONFIRMED"
4860678,9.97716876,"CONFIRMED"
5177104,3.02168007,"CONFIRMED"
8230616,2.240486703,"CONFIRMED"
9836959,105.0145774,"CONFIRMED"
9838949,4.88084456,"CONFIRMED"
9895006,10.56137217,"CONFIRMED"
9896558,67.6690554,"CONFIRMED"
9589323,3.949627144,"CONFIRMED"
9823487,16.00460392,"CONFIRMED"
9726659,3.148661555,"CONFIRMED"
5371776,3.295701024,"CONFIRMED"
5371776,9.65349016,"CONFIRMED"
5371776,5.315954488,"CONFIRMED"
9573539,10.04556377,"CONFIRMED"
5371776,1.499144441,"CONFIRMED"
9886661,5.082748362,"CONFIRMED"
10055126,9.17617167,"CONFIRMED"
10055126,19.7383992,"CONFIRMED"
5009743,41.6980186,"CONFIRMED"
10015937,59.6585348,"CONFIRMED"
10019065,52.6298542,"CONFIRMED"
7950644,10.290994129,"CONFIRMED"
10080248,14.8783945,"CONFIRMED"
10213902,59.6222627,"CONFIRMED"
11821363,8.19596647,"CONFIRMED"
7629518,15.59466045,"CONFIRMED"
10810838,56.35407916,"CONFIRMED"
10963065,2.465024332,"CONFIRMED"
6268648,15.86624787,"CONFIRMED"
5357901,3.797018259,"CONFIRMED"
4278221,1.340596782,"CONFIRMED"
10214162,17.42393582,"CONFIRMED"
10905746,9.8786461,"CONFIRMED"
8242434,44.96407458,"CONFIRMED"
6185331,49.7700907,"CONFIRMED"
9636135,5.83376197,"CONFIRMED"
9636135,2.42150341,"CONFIRMED"
7841925,14.16400071,"CONFIRMED"
7841925,6.20920207,"CONFIRMED"
5219234,5.48711441,"CONFIRMED"
5219234,8.29084167,"CONFIRMED"
5219234,3.20539622,"CONFIRMED"
5219234,16.73869035,"CONFIRMED"
9015738,13.93291548,"CONFIRMED"
7215603,2.36436762,"CONFIRMED"
5561278,20.31047472,"CONFIRMED"
6387542,2.53475568,"CONFIRMED"
6869184,43.3167427,"CONFIRMED"
6604328,31.0033072,"CONFIRMED"
7439316,2.617028373,"CONFIRMED"
12400538,150.2412582,"CONFIRMED"
5184584,53.44944498,"CONFIRMED"
5438099,7.24022418,"CONFIRMED"
5438099,4.64622383,"CONFIRMED"
6543893,10.29674097,"CONFIRMED"
6543893,5.93919041,"CONFIRMED"
6975129,19.74733983,"CONFIRMED"
11391018,30.360445359,"CONFIRMED"
8685497,4.4096675,"CONFIRMED"
4365645,4.16787814,"CONFIRMED"
8197343,11.79161234,"CONFIRMED"
6786348,26.964501,"CONFIRMED"
6209677,7.76845639,"CONFIRMED"
9813499,5.03257009,"CONFIRMED"
12254792,40.4286676,"CONFIRMED"
12020218,21.3588236,"CONFIRMED"
7690844,22.0459163,"CONFIRMED"
5438099,17.32670445,"CONFIRMED"
5438099,44.8411168,"CONFIRMED"
8009350,13.75207851,"CONFIRMED"
8082001,6.33855946,"CONFIRMED"
9277896,4.59489816,"CONFIRMED"
9401997,32.2964275,"CONFIRMED"
10686864,2.97041801,"CONFIRMED"
9631995,7.891448838,"CONFIRMED"
7901948,2.578852119,"CONFIRMED"
6442377,30.22910274,"CONFIRMED"
10004519,9.80321143,"CONFIRMED"
5031857,24.81097206,"CONFIRMED"
10879038,4.8538404,"CONFIRMED"
10990917,11.04605365,"CONFIRMED"
11046025,3.72020708,"CONFIRMED"
9729691,8.689301216,"CONFIRMED"
9729691,20.99757968,"CONFIRMED"
10904857,3.120828136,"CONFIRMED"
8651389,15.13590453,"CONFIRMED"
7871954,1.937029968,"CONFIRMED"
7871954,7.06117322,"CONFIRMED"
12418724,20.55331441,"CONFIRMED"
7456001,40.0686713,"CONFIRMED"
10028792,114.73658,"CONFIRMED"
10028792,191.239133,"CONFIRMED"
5299459,10.41572666,"CONFIRMED"
11153121,14.97031664,"CONFIRMED"
11153121,32.2753853,"CONFIRMED"
11177543,38.3262237,"CONFIRMED"
11337141,4.04355245,"CONFIRMED"
3967760,5.52418625,"CONFIRMED"
3967760,8.77514782,"CONFIRMED"
7549209,27.5071114,"CONFIRMED"
7663405,5.1443645,"CONFIRMED"
9765975,18.45848388,"CONFIRMED"
9818462,25.9421582,"CONFIRMED"
6803202,21.06075303,"CONFIRMED"
5299459,13.08424286,"CONFIRMED"
9651668,2.684328541,"CONFIRMED"
12506770,2.806243488,"CONFIRMED"
11337372,6.53194024,"CONFIRMED"
11337833,51.3011844,"CONFIRMED"
11547505,0.938466959,"CONFIRMED"
11502867,3.217518511,"CONFIRMED"
9909735,4.66271902,"CONFIRMED"
9909735,11.8150174,"CONFIRMED"
11551692,7.834433676,"CONFIRMED"
11551692,3.005156911,"CONFIRMED"
12266636,33.3856176,"CONFIRMED"
7869917,7.71467686,"CONFIRMED"
9824805,4.4444826,"CONFIRMED"
7939330,29.5422566,"CONFIRMED"
7939330,144.551628,"CONFIRMED"
12602568,8.04727721,"CONFIRMED"
9941066,5.87063416,"CONFIRMED"
5972334,15.358767771,"CONFIRMED"
4650733,29.5390897,"CONFIRMED"
7831264,13.07141889,"CONFIRMED"
7691260,3.989544192,"CONFIRMED"
9821454,17.9776037,"CONFIRMED"
9821454,11.8693144,"CONFIRMED"
11954842,12.98494603,"CONFIRMED"
5470739,19.17893976,"CONFIRMED"
10022908,6.99130452,"CONFIRMED"
5617854,3.517494725,"CONFIRMED"
4932442,6.93365167,"CONFIRMED"
5183357,61.0373591,"CONFIRMED"
5269467,33.8677783,"CONFIRMED"
11764462,5.69919592,"CONFIRMED"
11656246,18.11473813,"CONFIRMED"
7808587,6.24145791,"CONFIRMED"
4741126,20.4222447,"CONFIRMED"
5301750,8.72585478,"CONFIRMED"
5301750,12.88291395,"CONFIRMED"
5301750,27.4345973,"CONFIRMED"
5301750,4.22453631,"CONFIRMED"
5301750,44.5520266,"CONFIRMED"
5526717,52.069002,"CONFIRMED"
5972334,2.418406841,"CONFIRMED"
6034945,9.11500269,"CONFIRMED"
8692861,13.7223682,"CONFIRMED"
9480310,15.43400996,"CONFIRMED"
4741126,7.63846084,"CONFIRMED"
11669125,70.6981724,"CONFIRMED"
12159249,3.74443645,"CONFIRMED"
5542466,2.35574505,"CONFIRMED"
10028140,19.65639342,"CONFIRMED"
6049190,70.468171,"CONFIRMED"
6198999,3.93246069,"CONFIRMED"
6310636,0.921030497,"CONFIRMED"
6616218,5.960400011,"CONFIRMED"
7761545,85.3514875,"CONFIRMED"
12365184,69.72646639,"CONFIRMED"
4770365,1.609321941,"CONFIRMED"
4770365,9.51220046,"CONFIRMED"
4770365,4.72941177,"CONFIRMED"
10748390,4.887803076,"CONFIRMED"
11804465,4.437962934,"CONFIRMED"
9663113,20.74028645,"CONFIRMED"
5289854,9.69501146,"CONFIRMED"
5289854,15.3825394,"CONFIRMED"
10006581,40.1097817,"CONFIRMED"
6616218,2.46106962,"CONFIRMED"
7220429,8.03753796,"CONFIRMED"
12406749,56.3587987,"CONFIRMED"
8692861,242.467406,"CONFIRMED"
12403119,76.13622222,"CONFIRMED"
10027323,5.92365747,"CONFIRMED"
10027323,105.3582299,"CONFIRMED"
12019440,3.24325988,"CONFIRMED"
10004738,56.4758069,"CONFIRMED"
10004738,92.8747294,"CONFIRMED"
7304449,1.538180949,"CONFIRMED"
7386827,10.4188915,"CONFIRMED"
7522911,20.4998763,"CONFIRMED"
7626370,1.921437488,"CONFIRMED"
7703955,96.109323,"CONFIRMED"
7512982,20.38174802,"CONFIRMED"
9597806,5.101375725,"CONFIRMED"
9663113,572.376632,"CONFIRMED"
10004738,13.93068791,"CONFIRMED"
5474613,20.4074846,"CONFIRMED"
5438757,10.35078415,"CONFIRMED"
5438757,62.9224936,"CONFIRMED"
5972334,38.6520796,"CONFIRMED"
7815744,14.20442616,"CONFIRMED"
7955580,55.673582,"CONFIRMED"
8230616,6.82778157,"CONFIRMED"
7898352,127.2824442,"CONFIRMED"
11402995,10.06083238,"CONFIRMED"
7898352,30.1837021,"CONFIRMED"
7951018,52.75878505,"CONFIRMED"
7747425,42.4729078,"CONFIRMED"
9892816,15.17026921,"CONFIRMED"
9892816,39.4576228,"CONFIRMED"
9836149,17.8159689,"CONFIRMED"
4813563,36.5157639,"CONFIRMED"
2985767,14.07969236,"CONFIRMED"
2304320,16.54081386,"CONFIRMED"
3657758,3.609313059,"CONFIRMED"
9790806,1.93155546,"CONFIRMED"
6382217,8.41100305,"CONFIRMED"
5375194,13.52252364,"CONFIRMED"
6468138,134.2520474,"CONFIRMED"
10019708,3.268695042,"CONFIRMED"
11875734,99.7468804,"CONFIRMED"
7046804,11.720123999,"CONFIRMED"
7449136,4.33643506,"CONFIRMED"
8680979,15.95541913,"CONFIRMED"
8680979,8.25980352,"CONFIRMED"
9030537,62.5613879,"CONFIRMED"
6949061,8.96847034,"CONFIRMED"
7269493,1.907810683,"CONFIRMED"
11657891,2.514628496,"CONFIRMED"
6305192,8.025118521,"CONFIRMED"
6382217,5.79529495,"CONFIRMED"
9634821,73.7578875,"CONFIRMED"
8950568,8.30537702,"CONFIRMED"
3326377,13.22714056,"CONFIRMED"
11601584,51.8098276,"CONFIRMED"
11601584,4.38536428,"CONFIRMED"
11601584,34.205785079,"CONFIRMED"
11601584,13.97945055,"CONFIRMED"
8689793,3.554856338,"CONFIRMED"
11673802,5.28790754,"CONFIRMED"
4263293,8.45746636,"CONFIRMED"
4263293,17.28116957,"CONFIRMED"
4263293,32.1340014,"CONFIRMED"
5695524,59.7711433,"CONFIRMED"
6205897,4.417692516,"CONFIRMED"
7948784,10.08744556,"CONFIRMED"
9244756,16.34355902,"CONFIRMED"
9650808,21.96401646,"CONFIRMED"
9650808,125.602323,"CONFIRMED"
8950568,12.51353325,"CONFIRMED"
8950568,17.9134215,"CONFIRMED"
8950568,25.2149143,"CONFIRMED"
8804845,5.42586901,"CONFIRMED"
10480915,19.58561177,"CONFIRMED"
11709244,4.544436472,"CONFIRMED"
11709244,12.76220558,"CONFIRMED"
11709244,38.7149617,"CONFIRMED"
11853878,3.69298623,"CONFIRMED"
5728139,5.334082429,"CONFIRMED"
7668663,6.4980147,"CONFIRMED"
7047922,19.76169247,"CONFIRMED"
9353314,5.18498961,"CONFIRMED"
3629967,85.6542476,"CONFIRMED"
9347009,19.32945602,"CONFIRMED"
4917596,3.290114076,"CONFIRMED"
11046458,3.311864148,"CONFIRMED"
7132798,2.422084188,"CONFIRMED"
3448130,78.5461106,"CONFIRMED"
9656252,16.92342126,"CONFIRMED"
6026438,5.47665801,"CONFIRMED"
9471268,4.580346161,"CONFIRMED"
9471268,2.248288213,"CONFIRMED"
9471268,6.76690759,"CONFIRMED"
10657406,34.1732156,"CONFIRMED"
5526527,16.7364755,"CONFIRMED"
8766650,12.43929428,"CONFIRMED"
10328393,7.62635494,"CONFIRMED"
7094486,11.35010642,"CONFIRMED"
7289577,109.4450597,"CONFIRMED"
8543100,7.56052209,"CONFIRMED"
2693736,12.12401737,"CONFIRMED"
9412760,9.38740646,"CONFIRMED"
9412760,7.41556471,"CONFIRMED"
6026438,24.2101973,"CONFIRMED"
10663396,23.8990075,"CONFIRMED"
11457726,6.22161107,"CONFIRMED"
8956206,6.17998508,"CONFIRMED"
9649706,1.569066598,"CONFIRMED"
5856571,9.59068586,"CONFIRMED"
7765528,7.03932913,"CONFIRMED"
11760231,49.6075771,"CONFIRMED"
7779077,16.84183355,"CONFIRMED"
6046540,7.340714946,"CONFIRMED"
5706966,12.55111099,"CONFIRMED"
3762468,3.003879547,"CONFIRMED"
5706966,24.0884178,"CONFIRMED"
10130039,12.75800092,"CONFIRMED"
10130039,5.47033376,"CONFIRMED"
9518318,6.51112385,"CONFIRMED"
9518318,23.85163321,"CONFIRMED"
7273277,2.714078374,"CONFIRMED"
11769890,122.8799543,"CONFIRMED"
6862721,4.88753111,"CONFIRMED"
12301181,6.14728341,"CONFIRMED"
9279354,2.800111267,"CONFIRMED"
6774880,34.3511339,"CONFIRMED"
3937519,3.413036353,"CONFIRMED"
7449541,3.00725068,"CONFIRMED"
5080636,4.194496867,"CONFIRMED"
3338885,1.970340203,"CONFIRMED"
3338885,5.05821338,"CONFIRMED"
6776401,26.85323647,"CONFIRMED"
10130039,25.0985083,"CONFIRMED"
8226050,34.2685741,"CONFIRMED"
9965957,5.75321539,"CONFIRMED"
9704384,5.50860699,"CONFIRMED"
8426567,18.93055119,"CONFIRMED"
10094670,22.06402,"CONFIRMED"
8142942,5.756245244,"CONFIRMED"
8257205,148.4601819,"CONFIRMED"
9044228,0.934885365,"CONFIRMED"
7265298,25.7626846,"CONFIRMED"
7265298,11.0317836,"CONFIRMED"
7132798,4.12511935,"CONFIRMED"
2307415,13.12162167,"CONFIRMED"
7430034,49.6220669,"CONFIRMED"
9735426,8.08801663,"CONFIRMED"
8826168,11.55103848,"CONFIRMED"
10464050,4.469754641,"CONFIRMED"
9763348,15.77382794,"CONFIRMED"
9101496,6.56226483,"CONFIRMED"
6037581,20.67876365,"CONFIRMED"
10723750,50.79034648,"CONFIRMED"
6037581,9.59993246,"CONFIRMED"
6037581,2.0248205,"CONFIRMED"
10779233,201.118319,"CONFIRMED"
11614617,24.7577652,"CONFIRMED"
11450414,12.7983174,"CONFIRMED"
4736569,10.13200555,"CONFIRMED"
10384798,38.505224,"CONFIRMED"
2307415,4.6126736,"CONFIRMED"
3128552,8.67890312,"CONFIRMED"
10134152,39.3135699,"CONFIRMED"
9573685,5.94565516,"CONFIRMED"
10329835,1.52373073,"CONFIRMED"
6849046,4.225384543,"CONFIRMED"
8804397,60.0853848,"CONFIRMED"
9662811,43.0343364,"CONFIRMED"
11297236,88.6440015,"CONFIRMED"
10074466,35.01190875,"CONFIRMED"
8218379,16.57099265,"CONFIRMED"
7755636,16.00496657,"CONFIRMED"
9411166,1.954525966,"CONFIRMED"
4989057,7.23400381,"CONFIRMED"
9834040,6.77408984,"CONFIRMED"
6152974,20.172024672,"CONFIRMED"
8802693,26.41044199,"CONFIRMED"
6061773,8.27745764,"CONFIRMED"
10024701,14.37504582,"CONFIRMED"
3239671,147.97391,"CONFIRMED"
9304101,13.24503482,"CONFIRMED"
11360571,77.2550726,"CONFIRMED"
6035124,3.85690686,"CONFIRMED"
8160953,116.3311739,"CONFIRMED"
4157325,6.31943553,"CONFIRMED"
4157325,12.20951755,"CONFIRMED"
4157325,3.07644709,"CONFIRMED"
9955598,68.958447,"CONFIRMED"
10723750,18.79591276,"CONFIRMED"
5770074,63.0380366,"CONFIRMED"
10136549,9.69315023,"CONFIRMED"
12154526,56.1886436,"CONFIRMED"
6665512,6.92101452,"CONFIRMED"
10525027,3.27344784,"CONFIRMED"
11069176,15.3789014,"CONFIRMED"
10005758,134.4785189,"CONFIRMED"
5864975,98.7179332,"CONFIRMED"
2975770,71.52543938,"CONFIRMED"
7877496,1.72086129,"CONFIRMED"
7286173,56.4349933,"CONFIRMED"
11126381,33.7888028,"CONFIRMED"
4149450,3.215109385,"CONFIRMED"
10136549,3.29276797,"CONFIRMED"
5511081,13.72710334,"CONFIRMED"
5511081,24.3110031,"CONFIRMED"
5511081,44.4304059,"CONFIRMED"
5511081,9.34145925,"CONFIRMED"
10978763,4.97760447,"CONFIRMED"
11069176,21.1285655,"CONFIRMED"
6152974,7.51854537,"CONFIRMED"
5631630,25.96190067,"CONFIRMED"
6504954,130.3543929,"CONFIRMED"
9410930,1.855557556,"CONFIRMED"
10676014,16.78175788,"CONFIRMED"
9520838,105.3035093,"CONFIRMED"
8167996,2.549562652,"CONFIRMED"
8167996,13.96950181,"CONFIRMED"
8167996,5.21230171,"CONFIRMED"
6773862,17.76076524,"CONFIRMED"
10978763,10.55840479,"CONFIRMED"
10978763,6.98800953,"CONFIRMED"
5202905,22.8245144,"CONFIRMED"
9072190,49.1011093,"CONFIRMED"
5384079,7.05675145,"CONFIRMED"
9839821,34.8536903,"CONFIRMED"
4056616,2.41434868,"CONFIRMED"
8492026,4.30656389,"CONFIRMED"
11017901,7.794302043,"CONFIRMED"
5088591,14.5324483,"CONFIRMED"
11298298,5.248667607,"CONFIRMED"
10187159,7.96431492,"CONFIRMED"
9758089,92.7297248,"CONFIRMED"
10619192,1.485710994,"CONFIRMED"
4939346,71.3116598,"CONFIRMED"
10190777,1.411230023,"CONFIRMED"
9651234,96.9151707,"CONFIRMED"
7045496,13.47472742,"CONFIRMED"
8750043,2.29503515,"CONFIRMED"
9973109,27.495634,"CONFIRMED"
6226290,14.08826442,"CONFIRMED"
9595827,3.905081685,"CONFIRMED"
9349482,110.9643706,"CONFIRMED"
4644952,6.94135824,"CONFIRMED"
2987027,17.276296682,"CONFIRMED"
4644952,31.7821117,"CONFIRMED"
4644952,4.36273233,"CONFIRMED"
8978528,18.6848377,"CONFIRMED"
8978528,7.41634701,"CONFIRMED"
9967771,9.91724268,"CONFIRMED"
11622600,82.5341188,"CONFIRMED"
10454632,20.16037858,"CONFIRMED"
10005788,10.99470891,"CONFIRMED"
2832589,10.84969477,"CONFIRMED"
2438513,12.18420006,"CONFIRMED"
6356207,3.76417012,"CONFIRMED"
8564674,5.92972237,"CONFIRMED"
8564674,12.2476121,"CONFIRMED"
8578780,13.59051547,"CONFIRMED"
4544907,46.8776724,"CONFIRMED"
7761918,89.1935737,"CONFIRMED"
8240797,13.09390911,"CONFIRMED"
8240797,4.915385452,"CONFIRMED"
9455325,9.76785911,"CONFIRMED"
3098810,40.80957343,"CONFIRMED"
8367644,22.08551599,"CONFIRMED"
10332883,1.151166776,"CONFIRMED"
9305831,3.246732048,"CONFIRMED"
11656918,62.1385979,"CONFIRMED"
4636578,17.84850835,"CONFIRMED"
4636578,26.1363443,"CONFIRMED"
4636578,11.1895709,"CONFIRMED"
11923284,2.757977384,"CONFIRMED"
5621125,14.80075082,"CONFIRMED"
9872283,3.126861192,"CONFIRMED"
7870032,16.87725775,"CONFIRMED"
9597058,12.05705659,"CONFIRMED"
4035640,28.26727385,"CONFIRMED"
6205228,3.770590654,"CONFIRMED"
11758544,2.7073064,"CONFIRMED"
3118797,66.4159789,"CONFIRMED"
7747425,8.0103929,"CONFIRMED"
7747425,27.6666375,"CONFIRMED"
7747425,5.19559398,"CONFIRMED"
7102316,57.2488518,"CONFIRMED"
7102316,37.0551726,"CONFIRMED"
9489524,16.33269981,"CONFIRMED"
9489524,10.05550267,"CONFIRMED"
5940165,9.30413878,"CONFIRMED"
8277797,4.33722007,"CONFIRMED"
8277797,1.653889476,"CONFIRMED"
5124667,150.8783198,"CONFIRMED"
2989404,3.553831111,"CONFIRMED"
2989404,1.6783263,"CONFIRMED"
11413812,5.65378163,"CONFIRMED"
9549648,5.99185827,"CONFIRMED"
10063802,120.0183551,"CONFIRMED"
11074178,14.30517579,"CONFIRMED"
11074178,9.18189122,"CONFIRMED"
5942808,2.935362067,"CONFIRMED"
6206214,13.53953595,"CONFIRMED"
8959839,22.7082375,"CONFIRMED"
7672097,7.97033985,"CONFIRMED"
5599774,8.49640437,"CONFIRMED"
8099138,66.1843646,"CONFIRMED"
7033233,2.032318856,"CONFIRMED"
6383785,3.62275506,"CONFIRMED"
9411412,2.892216772,"CONFIRMED"
7008211,187.746606,"CONFIRMED"
7620413,2.543063763,"CONFIRMED"
4545187,3.177414601,"CONFIRMED"
10854546,2.168451063,"CONFIRMED"
11774991,37.8154157,"CONFIRMED"
11774991,53.5783052,"CONFIRMED"
8261920,33.1362861,"CONFIRMED"
8261920,7.72513619,"CONFIRMED"
9112931,10.71253475,"CONFIRMED"
9071593,32.5635249,"CONFIRMED"
8126558,12.19140405,"CONFIRMED"
11811193,6.11784972,"CONFIRMED"
3734418,3.97599629,"CONFIRMED"
8681734,7.68478504,"CONFIRMED"
10212441,15.0447098,"CONFIRMED"
8247771,1.118547814,"CONFIRMED"
8165946,6.42199919,"CONFIRMED"
12017109,9.75374033,"CONFIRMED"
9225395,81.3153052,"CONFIRMED"
10709622,51.3283527,"CONFIRMED"
11499228,19.7919389,"CONFIRMED"
9022166,26.8475962,"CONFIRMED"
10965588,62.8917493,"CONFIRMED"
10670119,14.87149773,"CONFIRMED"
10670119,2.732767897,"CONFIRMED"
8491277,9.61375316,"CONFIRMED"
8613535,29.9685917,"CONFIRMED"
12256520,33.2407985,"CONFIRMED"
5629538,15.18727049,"CONFIRMED"
8561231,28.6853212,"CONFIRMED"
8235924,0.588001053,"CONFIRMED"
6941084,85.7357202,"CONFIRMED"
6200235,1.078389713,"CONFIRMED"
11460462,5.03728033,"CONFIRMED"
8612275,3.289726319,"CONFIRMED"
8612275,7.18644594,"CONFIRMED"
7207061,15.94248453,"CONFIRMED"
4545187,41.0081117,"CONFIRMED"
7286911,11.55562042,"CONFIRMED"
8591173,12.2885046,"CONFIRMED"
6962109,17.13263125,"CONFIRMED"
5706595,19.0231361,"CONFIRMED"
5706595,4.57948235,"CONFIRMED"
10489345,1.003931703,"CONFIRMED"
10329469,55.8224775,"CONFIRMED"
9717943,6.11010439,"CONFIRMED"
8026752,4.286866229,"CONFIRMED"
1872821,10.27380957,"CONFIRMED"
8013439,13.39155154,"CONFIRMED"
8013439,5.62904396,"CONFIRMED"
8013439,8.2562857,"CONFIRMED"
7207061,12.33087921,"CONFIRMED"
6921944,4.421566535,"CONFIRMED"
9532052,15.72585941,"CONFIRMED"
8164012,1.252753881,"CONFIRMED"
4140813,13.36019864,"CONFIRMED"
8611781,76.957056,"CONFIRMED"
5601258,8.84784273,"CONFIRMED"
7960980,9.98970266,"CONFIRMED"
8107225,5.63252508,"CONFIRMED"
3458028,1.442592305,"CONFIRMED"
3342794,14.17222858,"CONFIRMED"
3342794,4.92031063,"CONFIRMED"
5716932,56.4931698,"CONFIRMED"
11288051,13.82142084,"CONFIRMED"
11566256,5.78387049,"CONFIRMED"
8495415,11.08507658,"CONFIRMED"
4055304,0.571038347,"CONFIRMED"
4857213,8.77425786,"CONFIRMED"
9415108,4.51005082,"CONFIRMED"
4262581,37.6468519,"CONFIRMED"
8591693,29.4557841,"CONFIRMED"
4833421,12.466004437,"CONFIRMED"
8282651,2.361724472,"CONFIRMED"
3548044,34.7630543,"CONFIRMED"
11401767,20.0545282,"CONFIRMED"
10909127,3.17059731,"CONFIRMED"
3661886,27.0142622,"CONFIRMED"
3661886,12.50945798,"CONFIRMED"
2439243,26.0203329,"CONFIRMED"
9221517,0.769854899,"CONFIRMED"
6751874,6.89226333,"CONFIRMED"
10863608,8.07127043,"CONFIRMED"
5602588,11.01819178,"CONFIRMED"
11288051,30.9505927,"CONFIRMED"
9405595,23.3593589,"CONFIRMED"
3546060,9.69310837,"CONFIRMED"
4144576,0.813166357,"CONFIRMED"
8494542,10.86062378,"CONFIRMED"
9992325,24.08632177,"CONFIRMED"
9945370,37.9456138,"CONFIRMED"
8973129,24.1738244,"CONFIRMED"
12505654,5.186737262,"CONFIRMED"
11670125,1.217000383,"CONFIRMED"
11461844,13.6823798,"CONFIRMED"
9351920,8.79618433,"CONFIRMED"
2161536,16.85592593,"CONFIRMED"
10549023,14.36270451,"CONFIRMED"
9661979,69.8956789,"CONFIRMED"
8219268,6.24667547,"CONFIRMED"
10531955,2.344512589,"CONFIRMED"
4833421,5.766165573,"CONFIRMED"
8168187,18.3027235,"CONFIRMED"
4142847,2.888904439,"CONFIRMED"
10203349,17.14648756,"CONFIRMED"
9718066,16.09227518,"CONFIRMED"
3867615,62.7843981,"CONFIRMED"
12121570,91.500873,"CONFIRMED"
8410415,44.2993483,"CONFIRMED"
7987866,3.13877646,"CONFIRMED"
11560897,35.9682692,"CONFIRMED"
11342416,25.3690868,"CONFIRMED"
9086251,6.89213244,"CONFIRMED"
4254466,42.3006282,"CONFIRMED"
9904006,55.1866213,"CONFIRMED"
9364609,14.97436238,"CONFIRMED"
7457296,3.97076603,"CONFIRMED"
10328458,2.352273912,"CONFIRMED"
4248120,23.34036251,"CONFIRMED"
8321314,15.03366411,"CONFIRMED"
11498128,106.247882,"CONFIRMED"
8041216,8.508333104,"CONFIRMED"
11824786,12.94123564,"CONFIRMED"
12254909,5.349791,"CONFIRMED"
9364290,5.26211833,"CONFIRMED"
9364290,12.1628195,"CONFIRMED"
5022828,23.5541012,"CONFIRMED"
8233702,41.6977582,"CONFIRMED"
11403339,4.79029482,"CONFIRMED"
8260902,38.6715843,"CONFIRMED"
8381204,8.32651854,"CONFIRMED"
12058204,5.53533152,"CONFIRMED"
12058204,16.7261969,"CONFIRMED"
4833421,21.58752788,"CONFIRMED"
5357545,3.757294695,"CONFIRMED"
6871071,3.2828024,"CONFIRMED"
5342473,4.64495172,"CONFIRMED"
9963265,16.48686712,"CONFIRMED"
10583761,2.685054445,"CONFIRMED"
7542813,16.8600805,"CONFIRMED"
12058147,1.54320541,"CONFIRMED"
8164257,49.5004725,"CONFIRMED"
8164257,6.47539108,"CONFIRMED"
8164257,16.85825609,"CONFIRMED"
6774537,2.949029106,"CONFIRMED"
10404582,37.8658964,"CONFIRMED"
5959753,8.30865307,"CONFIRMED"
6021193,11.93205399,"CONFIRMED"
6021193,7.54235832,"CONFIRMED"
6871071,5.02818253,"CONFIRMED"
6871071,1.897828815,"CONFIRMED"
6287313,10.62788695,"CONFIRMED"
9278725,1.104462494,"CONFIRMED"
4458082,4.89336495,"CONFIRMED"
8042453,11.17392077,"CONFIRMED"
10874215,31.0325991,"CONFIRMED"
3937519,5.89661966,"CONFIRMED"
8866137,33.4178173,"CONFIRMED"
10857519,2.053341891,"CONFIRMED"
9517393,56.7769831,"CONFIRMED"
9351316,18.78429232,"CONFIRMED"
6021193,3.61460279,"CONFIRMED"
10617017,13.15140223,"CONFIRMED"
3229150,18.5084526,"CONFIRMED"
9641481,42.1918331,"CONFIRMED"
8892157,3.73090026,"CONFIRMED"
11569782,2.787874175,"CONFIRMED"
4833421,37.9962369,"CONFIRMED"
7219825,17.23232894,"CONFIRMED"
3749978,28.5057217,"CONFIRMED"
10010440,53.5991459,"CONFIRMED"
11718144,16.4581861,"CONFIRMED"
9473078,0.693842661,"CONFIRMED"
10864531,83.4887405,"CONFIRMED"
10864531,34.0607677,"CONFIRMED"
9472000,31.5888979,"CONFIRMED"
10253547,59.9809868,"CONFIRMED"
10253547,25.7457957,"CONFIRMED"
12505076,11.92979348,"CONFIRMED"
12116380,4.3394569,"CONFIRMED"
2556650,2.852348262,"CONFIRMED"
10600955,65.6480892,"CONFIRMED"
4473226,14.83340944,"CONFIRMED"
2854181,101.1323475,"CONFIRMED"
10132832,16.07673148,"CONFIRMED"
3219995,18.87058705,"CONFIRMED"
6062929,22.1334224,"CONFIRMED"
7504778,17.1369408,"CONFIRMED"
7219825,26.6951944,"CONFIRMED"
7097965,7.72085047,"CONFIRMED"
4249725,6.312508525,"CONFIRMED"
3967326,4.19577385,"CONFIRMED"
6768394,7.1329472,"CONFIRMED"
6768394,8.91901228,"CONFIRMED"
5211199,4.5620407,"CONFIRMED"
5546761,17.6700291,"CONFIRMED"
9205938,108.593113,"CONFIRMED"
10723367,19.9865916,"CONFIRMED"
10723367,12.12580644,"CONFIRMED"
5005121,76.421501,"CONFIRMED"
4833421,56.2590881,"CONFIRMED"
8229458,1.646801683,"CONFIRMED"
10684670,3.78861833,"CONFIRMED"
11495458,10.45839865,"CONFIRMED"
9003401,21.1033014,"CONFIRMED"
5978559,95.6114617,"CONFIRMED"
6768394,11.8984948,"CONFIRMED"
6922710,23.1274171,"CONFIRMED"
11348997,5.132486123,"CONFIRMED"
5705819,8.77997349,"CONFIRMED"
6696580,57.6896212,"CONFIRMED"
11358389,10.66489514,"CONFIRMED"
7204981,5.1233204,"CONFIRMED"
3847907,3.573202801,"CONFIRMED"
4370527,61.6174528,"CONFIRMED"
6041734,24.3398202,"CONFIRMED"
5125347,7.16520428,"CONFIRMED"
9336200,1.755843555,"CONFIRMED"
4770617,5.18560081,"CONFIRMED"
4454934,33.4698571,"CONFIRMED"
9458343,11.89520436,"CONFIRMED"
7120108,1.025857984,"CONFIRMED"
10730703,5.60013327,"CONFIRMED"
8007644,25.2034128,"CONFIRMED"
11192235,1.615357809,"CONFIRMED"
6383785,5.640676975,"CONFIRMED"
6696580,25.5638626,"CONFIRMED"
4249725,12.7945474,"CONFIRMED"
8505920,42.4269647,"CONFIRMED"
7918992,1.434745129,"CONFIRMED"
11308499,3.28192056,"CONFIRMED"
11308499,12.51610549,"CONFIRMED"
9006186,5.45298742,"CONFIRMED"
9006186,3.26662733,"CONFIRMED"
7802719,4.45743267,"CONFIRMED"
11030475,2.81814715,"CONFIRMED"
12401863,2.832647249,"CONFIRMED"
5534941,3.70063251,"CONFIRMED"
11121752,3.93083997,"CONFIRMED"
11121752,7.63008196,"CONFIRMED"
2990873,16.22378479,"CONFIRMED"
9307509,9.76293284,"CONFIRMED"
10158729,58.601926,"CONFIRMED"
6105462,25.0823402,"CONFIRMED"
3120355,78.0998908,"CONFIRMED"
6047072,4.27103727,"CONFIRMED"
9006186,4.27226421,"CONFIRMED"
11410904,3.53232429,"CONFIRMED"
4173026,10.44087398,"CONFIRMED"
5350244,12.5722897,"CONFIRMED"
5374403,40.8366307,"CONFIRMED"
11752906,20.6180348,"CONFIRMED"
1995519,19.9401211,"CONFIRMED"
4914566,22.2420032,"CONFIRMED"
6198182,3.88148385,"CONFIRMED"
10024051,0.577369336,"CONFIRMED"
4349452,12.720370263,"CONFIRMED"
8073806,11.96407399,"CONFIRMED"
3234598,12.90467523,"CONFIRMED"
10453588,68.8861017,"CONFIRMED"
11125613,9.99115241,"CONFIRMED"
7212184,36.292017,"CONFIRMED"
9757613,17.25121397,"CONFIRMED"
6605493,9.30991834,"CONFIRMED"
7259298,3.23941775,"CONFIRMED"
6211812,2.524017517,"CONFIRMED"
3234598,31.2012202,"CONFIRMED"
8611832,22.5968256,"CONFIRMED"
8611832,45.3486381,"CONFIRMED"
5621586,5.25419589,"CONFIRMED"
9210387,5.90608902,"CONFIRMED"
11852982,13.81504449,"CONFIRMED"
8559152,12.4128518,"CONFIRMED"
2718778,3.92453009,"CONFIRMED"
3122913,11.60653061,"CONFIRMED"
9229657,2.66831274,"CONFIRMED"
5175024,23.4772553,"CONFIRMED"
9026749,66.5576728,"CONFIRMED"
5794240,2.455240626,"CONFIRMED"
6933567,9.08233411,"CONFIRMED"
9654468,47.7052566,"CONFIRMED"
4349452,6.238535444,"CONFIRMED"
10027247,86.829519,"CONFIRMED"
6343170,9.95667035,"CONFIRMED"
7107802,10.41728722,"CONFIRMED"
11752632,0.984941669,"CONFIRMED"
10028535,0.663085361,"CONFIRMED"
7047207,19.1187425,"CONFIRMED"
9757613,3.543919702,"CONFIRMED"
11962284,8.83929462,"CONFIRMED"
6842682,7.56126152,"CONFIRMED"
8890150,34.9897847,"CONFIRMED"
8890150,7.05429483,"CONFIRMED"
11360805,26.7838935,"CONFIRMED"
9845898,45.126216,"CONFIRMED"
12453581,11.94019101,"CONFIRMED"
11179076,48.4313003,"CONFIRMED"
5364071,7.203855862,"CONFIRMED"
5959719,6.73808701,"CONFIRMED"
7021681,27.52194772,"CONFIRMED"
4346178,16.1289679,"CONFIRMED"
9664142,13.5631157,"CONFIRMED"
10018233,16.2959916,"CONFIRMED"
8081899,4.16056658,"CONFIRMED"
8478994,39.79220077,"CONFIRMED"
8631504,14.8200596,"CONFIRMED"
8110767,20.49041,"CONFIRMED"
6767840,8.679037,"CONFIRMED"
8379705,11.1296971,"CONFIRMED"
9896018,2.7296036,"CONFIRMED"
11037511,3.11604194,"CONFIRMED"
9757613,46.82767725,"CONFIRMED"
11818872,12.7372371,"CONFIRMED"
11771430,40.0306267,"CONFIRMED"
5513012,0.679336747,"CONFIRMED"
11253827,88.5122014,"CONFIRMED"
7047363,31.0572947,"CONFIRMED"
11968463,15.1622287,"CONFIRMED"
11968463,10.04378351,"CONFIRMED"
9880190,4.5513988,"CONFIRMED"
5364071,10.91274065,"CONFIRMED"
10387742,3.03267135,"CONFIRMED"
7673841,5.34182466,"CONFIRMED"
9827149,2.131945045,"CONFIRMED"
5546691,12.9462567,"CONFIRMED"
12156347,5.77957133,"CONFIRMED"
8547429,11.6601667,"CONFIRMED"
9893318,18.0161227,"CONFIRMED"
8570333,84.5733346,"CONFIRMED"
8478994,21.30181863,"CONFIRMED"
5036705,4.14789051,"CONFIRMED"
9653622,19.0054098,"CONFIRMED"
8947520,0.968527683,"CONFIRMED"
10468885,0.664074145,"CONFIRMED"
3861595,3.849371737,"CONFIRMED"
10489206,4.164384505,"CONFIRMED"
3426367,2.10433534,"CONFIRMED"
5562090,28.8431751,"CONFIRMED"
6867555,5.19103699,"CONFIRMED"
5339567,4.86638504,"CONFIRMED"
11080405,25.1933989,"CONFIRMED"
10059645,6.49441464,"CONFIRMED"
5364071,2.576571021,"CONFIRMED"
7183745,28.4750006,"CONFIRMED"
8212002,14.7966306,"CONFIRMED"
8004903,11.25401871,"CONFIRMED"
8883329,9.18244299,"CONFIRMED"
8883329,14.6134781,"CONFIRMED"
11253827,42.9923284,"CONFIRMED"
5514383,6.88341278,"CONFIRMED"
8022489,197.5111484,"CONFIRMED"
8022489,11.1726723,"CONFIRMED"
8022489,2.53573284,"CONFIRMED"
9209624,6.79164656,"CONFIRMED"
9209624,11.8376933,"CONFIRMED"
3354846,18.5525162,"CONFIRMED"
8478994,13.3669309,"CONFIRMED"
7183745,4.86634094,"CONFIRMED"
9177629,5.60402307,"CONFIRMED"
7778767,13.0313583,"CONFIRMED"
7515762,40.9905002,"CONFIRMED"
5942949,57.2932309,"CONFIRMED"
12120307,8.00504749,"CONFIRMED"
12120307,12.13070414,"CONFIRMED"
12120307,5.61357653,"CONFIRMED"
11701407,18.8262877,"CONFIRMED"
11288051,3.41045981,"CONFIRMED"
10813132,4.76702759,"CONFIRMED"
5857540,13.62801048,"CONFIRMED"
7289317,16.83203175,"CONFIRMED"
7879433,1.385787741,"CONFIRMED"
9205907,12.02295362,"CONFIRMED"
8463346,16.79716262,"CONFIRMED"
5364071,18.59611518,"CONFIRMED"
10489206,5.77440326,"CONFIRMED"
10068659,11.47685263,"CONFIRMED"
9395024,4.37033233,"CONFIRMED"
8478994,51.20690303,"CONFIRMED"
9753154,3.70429015,"CONFIRMED"
9011825,37.3331165,"CONFIRMED"
5174858,7.9709719,"CONFIRMED"
11074835,6.03355539,"CONFIRMED"
1996180,3.02558494,"CONFIRMED"
6269070,2.7612237,"CONFIRMED"
12254378,2.032319072,"CONFIRMED"
7604328,4.35407371,"CONFIRMED"
11236244,11.32269749,"CONFIRMED"
9837685,13.71218522,"CONFIRMED"
5042210,12.14684625,"CONFIRMED"
12454461,7.46718958,"CONFIRMED"
9635606,48.8882668,"CONFIRMED"
3728701,51.1319346,"CONFIRMED"
1849702,39.8312536,"CONFIRMED"
9390653,9.549277089,"CONFIRMED"
11187837,17.60461401,"CONFIRMED"
8025596,4.69505576,"CONFIRMED"
8494617,22.9221181,"CONFIRMED"
10289119,16.10474503,"CONFIRMED"
7382313,7.42697378,"CONFIRMED"
8544992,3.17323012,"CONFIRMED"
8544992,13.2970695,"CONFIRMED"
11295426,5.398752862,"CONFIRMED"
12306058,7.41683033,"CONFIRMED"
6183511,0.727331746,"CONFIRMED"
12469800,1.302017467,"CONFIRMED"
4915638,8.63050092,"CONFIRMED"
8081905,3.27645723,"CONFIRMED"
11465950,16.0573291,"CONFIRMED"
4665571,4.60300256,"CONFIRMED"
9269042,12.00089667,"CONFIRMED"
11461433,1.916940872,"CONFIRMED"
11818607,5.05661302,"CONFIRMED"
8380709,24.3344939,"CONFIRMED"
6149910,131.187921,"CONFIRMED"
5436013,25.8859397,"CONFIRMED"
8676148,28.6253502,"CONFIRMED"
9696358,6.98141327,"CONFIRMED"
4484336,8.94337724,"CONFIRMED"
9757613,12.282998287,"CONFIRMED"
11752906,6.383159135,"CONFIRMED"
10916600,5.57654782,"CONFIRMED"
8429314,115.6863392,"CONFIRMED"
9153570,3.81371423,"CONFIRMED"
11768142,38.0970717,"CONFIRMED"
8481129,16.3012727,"CONFIRMED"
2142522,13.32354078,"CONFIRMED"
9395719,2.607545159,"CONFIRMED"
8753896,3.24417541,"CONFIRMED"
11295426,9.60505976,"CONFIRMED"
8757824,3.65690909,"CONFIRMED"
9832208,88.0712769,"CONFIRMED"
6124512,8.38395796,"CONFIRMED"
10070468,1.68189051,"CONFIRMED"
7584650,44.9977604,"CONFIRMED"
11337566,7.12815163,"CONFIRMED"
5007345,7.01074295,"CONFIRMED"
12120484,17.2922631,"CONFIRMED"
6429812,94.289223,"CONFIRMED"
6846911,14.02634692,"CONFIRMED"
5963582,25.5433704,"CONFIRMED"
11403389,45.0909201,"CONFIRMED"
9851662,15.0539886,"CONFIRMED"
8758204,159.388788,"CONFIRMED"
8733898,1.565412613,"CONFIRMED"
8733898,5.14892346,"CONFIRMED"
10332213,2.522590567,"CONFIRMED"
7090524,6.73968289,"CONFIRMED"
11133306,41.74598855,"CONFIRMED"
5871985,213.258526,"CONFIRMED"
8292840,100.2830675,"CONFIRMED"
9730163,4.871223664,"CONFIRMED"
9730163,2.984157711,"CONFIRMED"
11453592,2.8867624,"CONFIRMED"
10591855,1.574090323,"CONFIRMED"
7749773,13.7872627,"CONFIRMED"
9451706,14.4359459,"CONFIRMED"
10064256,5.95958637,"CONFIRMED"
7609553,2.279523364,"CONFIRMED"
10122538,12.2854718,"CONFIRMED"
10122538,5.53609368,"CONFIRMED"
5480640,58.0337426,"CONFIRMED"
5480640,14.4252635,"CONFIRMED"
5480640,26.6757818,"CONFIRMED"
5175986,0.868386354,"CONFIRMED"
9008737,11.8288843,"CONFIRMED"
9008737,14.7512034,"CONFIRMED"
6521045,6.88707073,"CONFIRMED"
6697605,3.42064689,"CONFIRMED"
6294819,0.675650404,"CONFIRMED"
11401755,16.23191704,"CONFIRMED"
8292840,21.86965714,"CONFIRMED"
5272233,9.02436414,"CONFIRMED"
5272233,17.3408735,"CONFIRMED"
5688910,25.8730914,"CONFIRMED"
6345732,20.2642023,"CONFIRMED"
6345732,7.44136102,"CONFIRMED"
8611257,99.2532336,"CONFIRMED"
10880507,6.4802138,"CONFIRMED"
12206313,14.3832267,"CONFIRMED"
12206313,47.3186631,"CONFIRMED"
9837661,11.12827427,"CONFIRMED"
7769819,2.21571296,"CONFIRMED"
11874577,34.4585495,"CONFIRMED"
12164564,3.35184041,"CONFIRMED"
10397751,3.4462125,"CONFIRMED"
10397751,2.005414293,"CONFIRMED"
9642292,15.1408916,"CONFIRMED"
6356692,11.39169531,"CONFIRMED"
4991208,2.44358543,"CONFIRMED"
9837661,2.226496196,"CONFIRMED"
9837661,5.72084599,"CONFIRMED"
9092504,0.962864171,"CONFIRMED"
5383248,16.23847733,"CONFIRMED"
9092504,6.46004728,"CONFIRMED"
10001368,4.76831033,"CONFIRMED"
9466429,44.616751,"CONFIRMED"
8885643,3.40165617,"CONFIRMED"
5652893,14.00948631,"CONFIRMED"
8681833,1.311558909,"CONFIRMED"
4138951,1.291233083,"CONFIRMED"
3102384,10.573751447,"CONFIRMED"
10471515,3.7847507,"CONFIRMED"
8760040,18.2206024,"CONFIRMED"
10098844,47.4497134,"CONFIRMED"
9467404,0.929906166,"CONFIRMED"
5184911,4.11585514,"CONFIRMED"
6587105,33.878639,"CONFIRMED"
11662184,27.5722144,"CONFIRMED"
11127479,2.12821621,"CONFIRMED"
8884274,10.65275054,"CONFIRMED"
7767162,3.30040818,"CONFIRMED"
4385148,24.2758992,"CONFIRMED"
9838468,54.4099612,"CONFIRMED"
8617363,19.94752741,"CONFIRMED"
11401755,13.84984567,"CONFIRMED"
7673192,6.12479773,"CONFIRMED"
7673192,11.24284815,"CONFIRMED"
7673192,4.02877097,"CONFIRMED"
7673192,8.92114318,"CONFIRMED"
11807274,7.81285862,"CONFIRMED"
7670943,18.01164974,"CONFIRMED"
6697756,0.916142298,"CONFIRMED"
5905822,6.99205021,"CONFIRMED"
10793172,12.0999065,"CONFIRMED"
10793172,5.36375016,"CONFIRMED"
8801316,3.93766786,"CONFIRMED"
12314973,28.45489091,"CONFIRMED"
3346154,1.952711161,"CONFIRMED"
5775129,3.84822189,"CONFIRMED"
9898447,2.37752442,"CONFIRMED"
11135308,1.877878538,"CONFIRMED"
6521045,35.3331932,"CONFIRMED"
8077137,15.0896415,"CONFIRMED"
7019524,5.30873978,"CONFIRMED"
5106313,3.89524296,"CONFIRMED"
9825174,0.740926358,"CONFIRMED"
5980783,37.3033197,"CONFIRMED"
12008872,14.8877665,"CONFIRMED"
8415200,4.52158614,"CONFIRMED"
9886361,7.03146295,"CONFIRMED"
9886361,54.2811949,"CONFIRMED"
6528464,12.58229808,"CONFIRMED"
5209845,11.95401876,"CONFIRMED"
6129524,0.88184263,"CONFIRMED"
5794570,5.448321078,"CONFIRMED"
5794570,1.116127169,"CONFIRMED"
6779260,3.833087643,"CONFIRMED"
11807274,9.37663713,"CONFIRMED"
5953297,5.62006198,"CONFIRMED"
7659389,3.8259005,"CONFIRMED"
9472074,0.558841234,"CONFIRMED"
10842192,9.33648141,"CONFIRMED"
2442448,76.6139446,"CONFIRMED"
11283615,1.289590179,"CONFIRMED"
7605093,0.634003002,"CONFIRMED"
8077137,22.8030252,"CONFIRMED"
7463685,8.98826122,"CONFIRMED"
6878240,135.4978256,"CONFIRMED"
6878240,22.2508509,"CONFIRMED"
4831728,10.10773789,"CONFIRMED"
6528464,33.67280658,"CONFIRMED"
11963206,3.00912491,"CONFIRMED"
8263545,4.44589508,"CONFIRMED"
6937402,10.3108232,"CONFIRMED"
7826659,211.032819,"CONFIRMED"
7202957,1.716828304,"CONFIRMED"
8095441,11.87457664,"CONFIRMED"
5881813,109.6469948,"CONFIRMED"
12456601,15.64588656,"CONFIRMED"
7428736,7.06321927,"CONFIRMED"
11129258,25.384175,"CONFIRMED"
10586004,15.79196594,"CONFIRMED"
7202957,8.16733851,"CONFIRMED"
6521045,12.81590421,"CONFIRMED"
8892303,5.424749327,"CONFIRMED"
5369827,3.606940379,"CONFIRMED"
6586746,6.26404774,"CONFIRMED"
9962455,23.1985852,"CONFIRMED"
9962455,5.77721259,"CONFIRMED"
6436029,59.4969009,"CONFIRMED"
6197215,10.61345333,"CONFIRMED"
9451706,48.6303805,"CONFIRMED"
9244508,40.5289885,"CONFIRMED"
3969687,16.3583482,"CONFIRMED"
6716545,13.9093544,"CONFIRMED"
5185897,4.081411554,"CONFIRMED"
5185897,11.41941928,"CONFIRMED"
5185897,6.83440674,"CONFIRMED"
9881077,24.4004378,"CONFIRMED"
6265792,0.935115863,"CONFIRMED"
9995402,3.57551429,"CONFIRMED"
5609593,136.205112,"CONFIRMED"
5436338,6.30922043,"CONFIRMED"
11414465,2.94194296,"CONFIRMED"
10586004,82.2001239,"CONFIRMED"
4483138,15.3626052,"CONFIRMED"
9475552,0.843379985,"CONFIRMED"
9475552,6.56606941,"CONFIRMED"
8292840,10.49566303,"CONFIRMED"
10905911,1.34155642,"CONFIRMED"
3545135,8.48299282,"CONFIRMED"
6964929,0.665025941,"CONFIRMED"
6432345,234.635652,"CONFIRMED"
11565924,13.32191461,"CONFIRMED"
6607357,7.69994466,"CONFIRMED"
6607357,4.77466043,"CONFIRMED"
9451706,29.39337161,"CONFIRMED"
6186964,2.164570593,"CONFIRMED"
9693006,2.88878583,"CONFIRMED"
5128673,87.9724227,"CONFIRMED"
6690836,0.568874717,"CONFIRMED"
7877978,56.5732318,"CONFIRMED"
12024120,3.568099612,"CONFIRMED"
8210018,132.9955503,"CONFIRMED"
3642289,6.002548291,"CONFIRMED"
3642289,11.44865823,"CONFIRMED"
3662838,24.85466504,"CONFIRMED"
5966322,60.92818866,"CONFIRMED"
6029239,8.512037736,"CONFIRMED"
12404954,3.247548814,"CONFIRMED"
9070666,2.99792926,"CONFIRMED"
3642335,60.8660974,"CONFIRMED"
9020114,3.48412874,"CONFIRMED"
6196457,13.74883059,"CONFIRMED"
6063220,4.603575293,"CONFIRMED"
6071903,24.30784323,"CONFIRMED"
6289257,19.67409703,"CONFIRMED"
10905239,3.487688776,"CONFIRMED"
11623629,81.737872,"CONFIRMED"
4815520,31.578651216,"CONFIRMED"
7175184,5.88527364,"CONFIRMED"
7347246,86.1160885,"CONFIRMED"
11403530,3.61460332,"CONFIRMED"
5088536,8.45744892,"CONFIRMED"
6609270,3.82223397,"CONFIRMED"
12406807,17.067644,"CONFIRMED"
5096590,29.6099055,"CONFIRMED"
9650989,3.42390809,"CONFIRMED"
6289257,5.21104597,"CONFIRMED"
6291837,35.5969684,"CONFIRMED"
7050989,11.57890926,"CONFIRMED"
7175184,10.10463142,"CONFIRMED"
8494142,42.88247951,"CONFIRMED"
11554435,9.43414171,"CONFIRMED"
8494142,22.95062278,"CONFIRMED"
6471021,125.6291479,"CONFIRMED"
8709688,4.17939037,"CONFIRMED"
11618601,2.76263737,"CONFIRMED"
7582689,11.9216035,"CONFIRMED"
7582689,6.80257947,"CONFIRMED"
7582689,8.70312154,"CONFIRMED"
6196457,26.723169,"CONFIRMED"
7050989,16.39926461,"CONFIRMED"
7419318,18.73577127,"CONFIRMED"
7419318,8.43639829,"CONFIRMED"
7603200,13.78109471,"CONFIRMED"
7603200,23.08902241,"CONFIRMED"
10905239,6.02977241,"CONFIRMED"
7364176,135.1879934,"CONFIRMED"
8686097,172.7046083,"CONFIRMED"
12356617,988.8811177,"CONFIRMED"
3323887,19.270825843,"CONFIRMED"
11618601,5.05368985,"CONFIRMED"
9716391,13.1829329,"CONFIRMED"
6929841,3.51575492,"CONFIRMED"
5088536,87.5177787,"CONFIRMED"
11508644,14.2563272,"CONFIRMED"
8895758,0.968980781,"CONFIRMED"
7603200,10.31282204,"CONFIRMED"
7700622,35.58349688,"CONFIRMED"
8008067,15.77111067,"CONFIRMED"
8008067,157.0659976,"CONFIRMED"
8008067,7.305706326,"CONFIRMED"
3323887,38.90787517,"CONFIRMED"
3323887,1.59295975,"CONFIRMED"
11137180,6.07032548,"CONFIRMED"
3756264,7.36272124,"CONFIRMED"
11572193,10.6761592,"CONFIRMED"
11285870,4.48494315,"CONFIRMED"
6196457,49.3567907,"CONFIRMED"
8121310,22.20809549,"CONFIRMED"
8156120,38.5833679,"CONFIRMED"
8753657,2.426304127,"CONFIRMED"
3942670,33.4160553,"CONFIRMED"
3942670,12.6119685,"CONFIRMED"
10585738,0.636424848,"CONFIRMED"
7676423,2.46050095,"CONFIRMED"
11714231,5.8660127,"CONFIRMED"
11720424,23.9107056,"CONFIRMED"
8753657,4.62334491,"CONFIRMED"
9139084,5.83599485,"CONFIRMED"
3353050,5.0800579,"CONFIRMED"
3446746,13.14496741,"CONFIRMED"
5695396,16.09196369,"CONFIRMED"
8051946,1.4951513,"CONFIRMED"
5445681,20.3504704,"CONFIRMED"
11499192,4.13592927,"CONFIRMED"
12416661,8.05337912,"CONFIRMED"
9881662,3.254277742,"CONFIRMED"
9881662,91.3514816,"CONFIRMED"
3656121,31.1588249,"CONFIRMED"
3656121,76.7324556,"CONFIRMED"
3733628,13.89963233,"CONFIRMED"
3831053,6.14955931,"CONFIRMED"
5092266,44.8702042,"CONFIRMED"
8751796,4.45342418,"CONFIRMED"
9907129,9.705693,"CONFIRMED"
9527334,8.31377304,"CONFIRMED"
11361646,7.97420583,"CONFIRMED"
11361646,1.88899036,"CONFIRMED"
10285631,18.68405716,"CONFIRMED"
3964109,21.41624083,"CONFIRMED"
3544595,4.72674037,"CONFIRMED"
5695396,25.5172744,"CONFIRMED"
9714550,4.73292061,"CONFIRMED"
6263593,22.4765952,"CONFIRMED"
10252275,14.8638496,"CONFIRMED"
10252275,5.65245733,"CONFIRMED"
11455181,10.9294815,"CONFIRMED"
10290666,5.45849914,"CONFIRMED"
10337258,13.28536452,"CONFIRMED"
12314973,15.4130812,"CONFIRMED"
5450893,4.82051088,"CONFIRMED"
8827575,15.6112238,"CONFIRMED"
2716801,42.5217006,"CONFIRMED"
7216284,6.69958851,"CONFIRMED"
6945786,2.39161966,"CONFIRMED"
5978170,5.68879083,"CONFIRMED"
5440317,2.31941571,"CONFIRMED"
10545066,19.7830259,"CONFIRMED"
10552611,7.0106324,"CONFIRMED"
10552611,3.10762684,"CONFIRMED"
10587105,1.980356674,"CONFIRMED"
10587105,12.8344771,"CONFIRMED"
11090556,2.7881793,"CONFIRMED"
11090556,4.13827684,"CONFIRMED"
3234843,29.72722,"CONFIRMED"
6021275,18.01019956,"CONFIRMED"
3234843,10.61368712,"CONFIRMED"
5688790,8.07394097,"CONFIRMED"
1717722,4.53702121,"CONFIRMED"
10908248,39.859505,"CONFIRMED"
10878263,7.170710381,"CONFIRMED"
10878263,4.699652821,"CONFIRMED"
10982872,4.761705895,"CONFIRMED"
10982872,2.024143568,"CONFIRMED"
4141376,11.87290814,"CONFIRMED"
9468551,1.638652525,"CONFIRMED"
9076971,9.06687613,"CONFIRMED"
8360640,4.0223109,"CONFIRMED"
11019987,6.9131732,"CONFIRMED"
4857058,7.32851947,"CONFIRMED"
10924562,18.6052046,"CONFIRMED"
7534267,39.4420781,"CONFIRMED"
9592705,10.27532513,"CONFIRMED"
10386922,26.62941953,"CONFIRMED"
10386922,296.6375817,"CONFIRMED"
10982872,41.8085031,"CONFIRMED"
11015108,39.30944096,"CONFIRMED"
11074541,29.88487723,"CONFIRMED"
11100383,12.92489803,"CONFIRMED"
6636320,6.33125228,"CONFIRMED"
4067925,24.2204192,"CONFIRMED"
6021275,6.41491277,"CONFIRMED"
10933561,31.51779463,"CONFIRMED"
10933561,8.12999858,"CONFIRMED"
11075737,2.586639524,"CONFIRMED"
11194032,28.51117639,"CONFIRMED"
11394027,14.38682567,"CONFIRMED"
11442793,331.5972732,"CONFIRMED"
5520547,11.20058855,"CONFIRMED"
8866102,17.83367834,"CONFIRMED"
4143755,19.55662003,"CONFIRMED"
11244137,2.03387483,"CONFIRMED"
5865654,23.9553986,"CONFIRMED"
11259686,34.4359387,"CONFIRMED"
11547513,5.317440164,"CONFIRMED"
11547513,10.10575764,"CONFIRMED"
11802615,28.86236571,"CONFIRMED"
11442793,210.6013843,"CONFIRMED"
11442793,59.7371443,"CONFIRMED"
11521793,27.08239734,"CONFIRMED"
11566064,30.6528935,"CONFIRMED"
3848275,5.19492747,"CONFIRMED"
12021625,15.9314412,"CONFIRMED"
4175630,28.227413,"CONFIRMED"
3328080,4.76559056,"CONFIRMED"
8430964,2.98618134,"CONFIRMED"
6021275,6.17817366,"CONFIRMED"
11905011,5.65178922,"CONFIRMED"
12785320,19.96367208,"CONFIRMED"
2692377,1.541676547,"CONFIRMED"
11568987,15.95995611,"CONFIRMED"
11568987,7.37867551,"CONFIRMED"
11621223,4.903321801,"CONFIRMED"
11624249,1.82708193,"CONFIRMED"
3852655,11.62904159,"CONFIRMED"
5088536,27.50871575,"CONFIRMED"
6103377,20.0708757,"CONFIRMED"
6677841,98.353149,"CONFIRMED"
8037145,25.75274977,"CONFIRMED"
8162789,10.161023528,"CONFIRMED"
8806123,49.41121127,"CONFIRMED"
8806123,36.8567758,"CONFIRMED"
8355239,10.39986173,"CONFIRMED"
8367113,24.31574009,"CONFIRMED"
8558011,39.6766071,"CONFIRMED"
9115800,4.454194254,"CONFIRMED"
9478990,21.0871953,"CONFIRMED"
6850504,6.09855603,"CONFIRMED"
10934674,16.54295261,"CONFIRMED"
10990886,11.023474798,"CONFIRMED"
11015323,34.18884323,"CONFIRMED"
11134879,4.30165843,"CONFIRMED"
11192998,7.650243513,"CONFIRMED"
8934495,4.592393816,"CONFIRMED"
5866724,5.859935955,"CONFIRMED"
9157634,2.104721971,"CONFIRMED"
8565266,6.412512953,"CONFIRMED"
8616637,2.019997006,"CONFIRMED"
8616637,3.763041531,"CONFIRMED"
8625925,6.521209629,"CONFIRMED"
8822216,6.996926239,"CONFIRMED"
10189546,24.61480613,"CONFIRMED"
10189546,42.949522,"CONFIRMED"
10189546,117.033521,"CONFIRMED"
11192998,1.55400389,"CONFIRMED"
11192998,34.25951418,"CONFIRMED"
11497977,4.79860021,"CONFIRMED"
9941859,9.57665962,"CONFIRMED"
9941859,96.6781852,"CONFIRMED"
9941859,20.55280311,"CONFIRMED"
10266615,10.94026745,"CONFIRMED"
6444896,19.5352551,"CONFIRMED"
8822216,151.863949,"CONFIRMED"
9020160,5.945043548,"CONFIRMED"
7941200,65.7045275,"CONFIRMED"
9020160,17.73842886,"CONFIRMED"
9020160,9.93962361,"CONFIRMED"
10418224,6.8731664,"CONFIRMED"
10616679,8.600099313,"CONFIRMED"
10717241,12.37646897,"CONFIRMED"
7303287,330.071558,"CONFIRMED"
10843590,18.87022157,"CONFIRMED"
6850504,19.5776073,"CONFIRMED"
12061222,17.20522898,"CONFIRMED"
12404305,22.18332255,"CONFIRMED"
12834874,7.65880048,"CONFIRMED"
2557816,9.3789167,"CONFIRMED"
10454313,4.221626193,"CONFIRMED"
10513530,16.54967098,"CONFIRMED"
5866724,2.154911236,"CONFIRMED"
10513530,3.52467888,"CONFIRMED"
10554999,6.400157105,"CONFIRMED"
9076513,2.437029217,"CONFIRMED"
9146018,9.9267215,"CONFIRMED"
9146018,21.22349325,"CONFIRMED"
9146018,6.47027706,"CONFIRMED"
9279669,3.722158895,"CONFIRMED"
10843590,46.9026431,"CONFIRMED"
10858832,5.263415218,"CONFIRMED"
10937029,4.030466786,"CONFIRMED"
10937029,328.240201,"CONFIRMED"
3239945,4.393157678,"CONFIRMED"
10187017,16.145671932,"CONFIRMED"
3239945,1071.232624,"CONFIRMED"
10554999,2.735900074,"CONFIRMED"
10873260,5.852968845,"CONFIRMED"
10965008,81.1701587,"CONFIRMED"
11073351,2.820190603,"CONFIRMED"
11090765,21.21712312,"CONFIRMED"
9570741,15.77980122,"CONFIRMED"
9607164,14.03490255,"CONFIRMED"
9631762,10.35586478,"CONFIRMED"
6462863,22.342964828,"CONFIRMED"
9782691,11.38840217,"CONFIRMED"
11709124,20.5498184,"CONFIRMED"
12302530,5.931196562,"CONFIRMED"
11904151,0.837491225,"CONFIRMED"
3239945,7.40611676,"CONFIRMED"
3239945,21.803708,"CONFIRMED"
3559935,29.9111886,"CONFIRMED"
3966801,25.69581456,"CONFIRMED"
11656721,13.64617478,"CONFIRMED"
11853905,3.213668926,"CONFIRMED"
5866724,8.13121389,"CONFIRMED"
11669239,41.8854433,"CONFIRMED"
11669239,13.81733587,"CONFIRMED"
10600261,52.8148051,"CONFIRMED"
10656823,8.30783912,"CONFIRMED"
10656823,34.0963441,"CONFIRMED"
10676824,6.45442931,"CONFIRMED"
10718726,3.595769013,"CONFIRMED"
12302530,52.6615266,"CONFIRMED"
12470954,1.902208647,"CONFIRMED"
2438264,15.90688891,"CONFIRMED"
2438264,4.973455252,"CONFIRMED"
4454752,1.616883373,"CONFIRMED"
4757437,13.19322809,"CONFIRMED"
10187017,10.31174786,"CONFIRMED"
4757437,4.42535097,"CONFIRMED"
11823054,4.302139338,"CONFIRMED"
11823054,3.137845914,"CONFIRMED"
12058931,20.68420772,"CONFIRMED"
9782691,50.6985408,"CONFIRMED"
9957627,39.7529915,"CONFIRMED"
9958962,9.99760285,"CONFIRMED"
9958962,90.4117992,"CONFIRMED"
3745690,13.54057461,"CONFIRMED"
3745690,1.732346403,"CONFIRMED"
3745690,7.0257409,"CONFIRMED"
3833007,16.21774917,"CONFIRMED"
3847138,11.72291212,"CONFIRMED"
4847534,9.66857386,"CONFIRMED"
4852528,7.053527145,"CONFIRMED"
4852528,9.521644639,"CONFIRMED"
4852528,3.072146607,"CONFIRMED"
4852528,4.645382149,"CONFIRMED"
12058931,9.82578495,"CONFIRMED"
12116489,25.30291816,"CONFIRMED"
12600735,21.30020491,"CONFIRMED"
10593626,289.864067,"CONFIRMED"
9958962,51.0674355,"CONFIRMED"
10388286,1.682695938,"CONFIRMED"
10600261,17.30795548,"CONFIRMED"
6462863,10.423677439,"CONFIRMED"
10600261,2.09227115,"CONFIRMED"
11904151,45.29422297,"CONFIRMED"
4633570,16.70920628,"CONFIRMED"
4633570,28.55158187,"CONFIRMED"
5640085,10.13958818,"CONFIRMED"
5640085,43.5859419,"CONFIRMED"
4852528,0.986785834,"CONFIRMED"
10187017,27.4536146,"CONFIRMED"
5340644,8.22241355,"CONFIRMED"
4165473,13.02363236,"CONFIRMED"
4270253,11.6370303,"CONFIRMED"
4270253,5.68798675,"CONFIRMED"
10973664,5.40426917,"CONFIRMED"
10973664,11.67894236,"CONFIRMED"
10973664,1.208462378,"CONFIRMED"
9141746,2.85188338,"CONFIRMED"
12459913,12.91385906,"CONFIRMED"
6462863,54.31996151,"CONFIRMED"
6291033,3.705991661,"CONFIRMED"
5461440,40.606895,"CONFIRMED"
5689351,13.76710058,"CONFIRMED"
5689351,6.1954595,"CONFIRMED"
5689351,3.25058201,"CONFIRMED"
5689351,8.34819209,"CONFIRMED"
5709725,3.701765401,"CONFIRMED"
5709725,86.4943704,"CONFIRMED"
9946525,51.84688984,"CONFIRMED"
9946525,4.180048081,"CONFIRMED"
9946525,1.729367077,"CONFIRMED"
7098355,29.00789166,"CONFIRMED"
7269974,13.69942266,"CONFIRMED"
7269974,4.309381978,"CONFIRMED"
7440748,4.9213639,"CONFIRMED"
5689351,87.0912594,"CONFIRMED"
5812960,18.49234792,"CONFIRMED"
6266741,7.930583519,"CONFIRMED"
10187017,7.07136119,"CONFIRMED"
5774349,15.65563866,"CONFIRMED"
5978361,9.17858526,"CONFIRMED"
6501635,23.67513153,"CONFIRMED"
3217264,29.19899219,"CONFIRMED"
3217264,160.0191598,"CONFIRMED"
6850504,10.854095934,"CONFIRMED"
3217264,55.3291399,"CONFIRMED"
7440748,7.064252021,"CONFIRMED"
7977197,19.44639139,"CONFIRMED"
7977197,6.91986988,"CONFIRMED"
6266741,16.6658994,"CONFIRMED"
6381846,4.16696628,"CONFIRMED"
6381846,11.46347165,"CONFIRMED"
6381846,39.6034,"CONFIRMED"
6422155,2.940304817,"CONFIRMED"
6665695,5.378868001,"CONFIRMED"
6707833,15.28467725,"CONFIRMED"
6786037,21.05349939,"CONFIRMED"
6786037,127.905412,"CONFIRMED"
6786037,6.21716039,"CONFIRMED"
5351250,7.381980206,"CONFIRMED"
8043638,17.58751692,"CONFIRMED"
8845205,18.47762694,"CONFIRMED"
8890783,58.36205791,"CONFIRMED"
8890783,5.350156114,"CONFIRMED"
6422155,6.38899658,"CONFIRMED"
6422155,14.62709685,"CONFIRMED"
6422155,35.1184432,"CONFIRMED"
6451936,8.00579096,"CONFIRMED"
6451936,4.26374378,"CONFIRMED"
8056665,84.6877524,"CONFIRMED"
7119481,25.85499978,"CONFIRMED"
7445445,10.68758211,"CONFIRMED"
7445445,20.30303506,"CONFIRMED"
5351250,12.56096618,"CONFIRMED"
5351250,30.8261043,"CONFIRMED"
6850504,3.696121272,"CONFIRMED"
5351250,3.42806306,"CONFIRMED"
5444548,13.24931848,"CONFIRMED"
9583881,18.00932214,"CONFIRMED"
9589524,22.18431824,"CONFIRMED"
10187017,5.28691996,"CONFIRMED"
6838050,6.51003001,"CONFIRMED"
6937692,35.18105723,"CONFIRMED"
7445445,29.02235217,"CONFIRMED"
7595157,3.383540239,"CONFIRMED"
7595157,2.358952404,"CONFIRMED"
8008206,20.72904234,"CONFIRMED"
8008206,1.632916419,"CONFIRMED"
5683743,4.147021189,"CONFIRMED"
5791986,15.22895514,"CONFIRMED"
5791986,24.67458244,"CONFIRMED"
9844088,3.750832927,"CONFIRMED"
10019643,21.34736612,"CONFIRMED"
10019643,7.81100952,"CONFIRMED"
10123064,4.243748097,"CONFIRMED"
8015907,2.752359689,"CONFIRMED"
8017703,13.98177862,"CONFIRMED"
8017703,44.0003975,"CONFIRMED"
8017703,247.354914,"CONFIRMED"
8056665,207.5829306,"CONFIRMED"
8120608,7.26731094,"CONFIRMED"
8120608,13.3430025,"CONFIRMED"
8120608,3.886795001,"CONFIRMED"
8120608,22.40777833,"CONFIRMED"
6850504,77.6114427,"CONFIRMED"
6508221,18.20795835,"CONFIRMED"
10155434,12.70636123,"CONFIRMED"
10460984,10.94577783,"CONFIRMED"
10460984,28.9869016,"CONFIRMED"
10460984,94.886902,"CONFIRMED"
10460984,5.03505665,"CONFIRMED"
8022244,11.90352088,"CONFIRMED"
2571238,9.286964466,"CONFIRMED"
8022244,34.0350605,"CONFIRMED"
8037145,12.75934489,"CONFIRMED"
8037145,5.433132902,"CONFIRMED"
8193178,10.64021008,"CONFIRMED"
8193178,4.93883135,"CONFIRMED"
8344004,5.996533443,"CONFIRMED"
8344004,2.06190864,"CONFIRMED"
8355239,20.13490007,"CONFIRMED"
6508221,88.2553729,"CONFIRMED"
8352537,6.010383339,"CONFIRMED"
10577994,8.1808949,"CONFIRMED"
10577994,15.31296388,"CONFIRMED"
10599206,18.42794957,"CONFIRMED"
10227020,14.78767172,"CONFIRMED"
4563268,4.16536757,"CONFIRMED"
4644604,14.48584765,"CONFIRMED"
4656049,40.6992062,"CONFIRMED"
4742414,15.458056682,"CONFIRMED"
7764367,3.173914037,"CONFIRMED"
10227020,9.84824649,"CONFIRMED"
10227020,19.7243672,"CONFIRMED"
6678383,51.75530504,"CONFIRMED"
10227020,7.38443269,"CONFIRMED"
4827723,7.23858162,"CONFIRMED"
4841374,161.4746786,"CONFIRMED"
5020319,16.71987303,"CONFIRMED"
8161561,3.275821982,"CONFIRMED"
8361905,15.87360981,"CONFIRMED"
12116489,12.3860474,"CONFIRMED"
11250587,7.256962446,"CONFIRMED"
8480285,29.66631669,"CONFIRMED"
8480285,16.2254975,"CONFIRMED"
10265898,1.260258822,"CONFIRMED"
10265898,5.25449393,"CONFIRMED"
10271806,5.924993927,"CONFIRMED"
10271806,11.34934848,"CONFIRMED"
5113822,23.6421965,"CONFIRMED"
5113822,67.0930642,"CONFIRMED"
5120087,17.97979816,"CONFIRMED"
5121511,30.99664113,"CONFIRMED"
8557374,2.462344253,"CONFIRMED"
8557374,4.822969318,"CONFIRMED"
8738735,28.7796446,"CONFIRMED"
8738735,15.66057688,"CONFIRMED"
8802165,17.42115972,"CONFIRMED"
10271806,3.13295351,"CONFIRMED"
10271806,18.64349986,"CONFIRMED"
10272442,24.5434566,"CONFIRMED"
10984090,51.07926451,"CONFIRMED"
8805348,29.90721859,"CONFIRMED"
8878187,3.032147946,"CONFIRMED"
4914423,15.96532718,"CONFIRMED"
10340423,18.79418506,"CONFIRMED"
10340423,6.73893544,"CONFIRMED"
10358759,10.3392408,"CONFIRMED"
5374854,8.50339249,"CONFIRMED"
5374854,23.7832097,"CONFIRMED"
5531694,5.16949729,"CONFIRMED"
8962094,30.86436512,"CONFIRMED"
8962094,9.36059705,"CONFIRMED"
8962094,14.6672293,"CONFIRMED"
8962094,68.1609897,"CONFIRMED"
10358759,13.28689997,"CONFIRMED"
10386984,1.287076693,"CONFIRMED"
10395381,17.6717714,"CONFIRMED"
5613330,23.44970494,"CONFIRMED"
8456679,1.73513619,"CONFIRMED"
5786676,11.95474513,"CONFIRMED"
5796675,16.080657264,"CONFIRMED"
9002278,18.16407304,"CONFIRMED"
9002278,5.71489692,"CONFIRMED"
9002278,122.3858681,"CONFIRMED"
4914423,179.609803,"CONFIRMED"
5941160,8.59481851,"CONFIRMED"
5941160,10.22215697,"CONFIRMED"
5966154,25.6721559,"CONFIRMED"
5966154,151.8851881,"CONFIRMED"
9266431,18.39629744,"CONFIRMED"
9458613,21.77568158,"CONFIRMED"
9458613,41.0283424,"CONFIRMED"
6020753,4.069425638,"CONFIRMED"
8456679,4.06844957,"CONFIRMED"
6020753,16.28247625,"CONFIRMED"
6062088,3.162692075,"CONFIRMED"
9458613,31.7848157,"CONFIRMED"
9458613,13.17555999,"CONFIRMED"
9458613,5.66815821,"CONFIRMED"
9530945,17.40665216,"CONFIRMED"
6062088,5.370639542,"CONFIRMED"
6062088,11.32977062,"CONFIRMED"
6125481,23.20579353,"CONFIRMED"
6267535,6.07972016,"CONFIRMED"
6347299,14.40090414,"CONFIRMED"
9530945,7.69363627,"CONFIRMED"
9578686,21.3851584,"CONFIRMED"
9590976,5.37493289,"CONFIRMED"
9590976,8.58600968,"CONFIRMED"
9590976,3.88688862,"CONFIRMED"
4832837,2.628117322,"CONFIRMED"
6347299,25.6613816,"CONFIRMED"
6365156,10.21418792,"CONFIRMED"
6425957,2.755637216,"CONFIRMED"
2444412,14.91095177,"CONFIRMED"
6425957,20.30652862,"CONFIRMED"
9597345,44.6996563,"CONFIRMED"
9597345,3.619309734,"CONFIRMED"
9597345,124.5245224,"CONFIRMED"
5686174,14.28228147,"CONFIRMED"
6462863,3.743166733,"CONFIRMED"
6442340,13.13747785,"CONFIRMED"
6442340,7.78199862,"CONFIRMED"
6442340,23.4433748,"CONFIRMED"
6685609,5.868066282,"CONFIRMED"
6685609,1.61189046,"CONFIRMED"
9450647,9.940666412,"CONFIRMED"
9702072,4.182001885,"CONFIRMED"
9873254,14.70749512,"CONFIRMED"
6587002,20.73989406,"CONFIRMED"
6587002,47.4277116,"CONFIRMED"
7368664,12.874712426,"CONFIRMED"
6685609,3.07155284,"CONFIRMED"
6707835,22.24814617,"CONFIRMED"
10318874,2.508057497,"CONFIRMED"
9873254,0.900375925,"CONFIRMED"
9884104,4.585466941,"CONFIRMED"
9884104,22.71443351,"CONFIRMED"
9884104,47.903427,"CONFIRMED"
9950612,9.034190783,"CONFIRMED"
10353968,9.07098164,"CONFIRMED"
11773022,45.15535633,"CONFIRMED"
7033671,9.48965527,"CONFIRMED"
7040629,4.22865217,"CONFIRMED"
7040629,7.46662068,"CONFIRMED"
7040629,16.25951967,"CONFIRMED"
7040629,11.1317901,"CONFIRMED"
9950612,28.1224393,"CONFIRMED"
6678383,11.427550984,"CONFIRMED"
9950612,45.9029768,"CONFIRMED"
9950612,4.159816554,"CONFIRMED"
9963524,5.69059163,"CONFIRMED"
5780885,4.885488596,"CONFIRMED"
11773022,130.17802962,"CONFIRMED"
11773022,85.3162004,"CONFIRMED"
12068975,10.34973276,"CONFIRMED"
7115785,16.08786246,"CONFIRMED"
7115785,41.74938613,"CONFIRMED"
7124613,4.41746257,"CONFIRMED"
8711794,8.981014925,"CONFIRMED"
7277317,16.33888067,"CONFIRMED"
9963524,10.04157214,"CONFIRMED"
9963524,18.36974658,"CONFIRMED"
9963524,2.79590004,"CONFIRMED"
9964801,13.72462702,"CONFIRMED"
9965439,46.40626,"CONFIRMED"
12068975,15.67750191,"CONFIRMED"
12068975,5.59931543,"CONFIRMED"
12068975,25.2100146,"CONFIRMED"
3541946,17.79001678,"CONFIRMED"
3541946,49.5674085,"CONFIRMED"
10264660,6.790120801,"CONFIRMED"
7447200,7.972510087,"CONFIRMED"
7447200,2.453236139,"CONFIRMED"
7509886,6.0404622,"CONFIRMED"
7509886,4.13852825,"CONFIRMED"
10002866,3.936993144,"CONFIRMED"
10002866,28.08185982,"CONFIRMED"
6678383,23.66834635,"CONFIRMED"
10002866,10.08881066,"CONFIRMED"
3541946,1.311842968,"CONFIRMED"
4478168,14.58649856,"CONFIRMED"
4563268,7.75192755,"CONFIRMED"
7515212,31.80475991,"CONFIRMED"
7515212,16.2580276,"CONFIRMED"
7529266,8.600153929,"CONFIRMED"
8686373,126.55719,"CONFIRMED"
3867615,20.0983676,"CONFIRMED"
5530112,9.6887216,"CONFIRMED"
6226908,19.597317,"CONFIRMED"
5906694,13.06243545,"CONFIRMED"
9956082,3.74031708,"CONFIRMED"
6755944,0.692978457,"CONFIRMED"
9334893,31.8055128,"CONFIRMED"
10000941,3.50472344,"CONFIRMED"
9455677,124.827797,"CONFIRMED"
11465651,31.3351094,"CONFIRMED"
3937814,214.881456,"CONFIRMED"
5881120,4.85018974,"CONFIRMED"
4548098,3.82315697,"CONFIRMED"
4770617,8.45805119,"CONFIRMED"
6106282,101.1107014,"CONFIRMED"
4078311,9.84262076,"CONFIRMED"
11709124,62.3026877,"CONFIRMED"
9022166,72.3826983,"CONFIRMED"
3103227,225.585245,"CONFIRMED"
4850961,24.4972683,"CONFIRMED"
8439323,4.62602867,"CONFIRMED"
4458082,8.93484887,"CONFIRMED"
10714072,8.40693068,"CONFIRMED"
5942808,0.626281766,"CONFIRMED"
5688683,2.790643481,"CONFIRMED"
6607644,0.971915957,"CONFIRMED"
7610663,3.03196812,"CONFIRMED"
8951205,4.95060632,"CONFIRMED"
7838675,1.005205893,"CONFIRMED"
7100673,3.95116635,"CONFIRMED"
7100673,2.89223998,"CONFIRMED"
3747817,184.77271,"CONFIRMED"
9071593,59.284064,"CONFIRMED"
10089911,6.96704926,"CONFIRMED"
11415243,168.81133,"CONFIRMED"
3548044,67.968656,"CONFIRMED"
11401767,30.0899459,"CONFIRMED"
11709124,9.91937693,"CONFIRMED"
8613535,9.47850818,"CONFIRMED"
3955817,4.24263096,"CONFIRMED"
10360722,163.692336,"CONFIRMED"
6349881,198.088873,"CONFIRMED"
1718958,1.41975831,"CONFIRMED"
6428794,169.135056,"CONFIRMED"
4673628,3.951383138,"CONFIRMED"
11401767,6.84978728,"CONFIRMED"
9718066,28.9060526,"CONFIRMED"
9272070,8.10503551,"CONFIRMED"
5088400,8.82715783,"CONFIRMED"
8087812,27.2106807,"CONFIRMED"
5308537,14.2651545,"CONFIRMED"
5281113,11.17931581,"CONFIRMED"
6026924,56.644452,"CONFIRMED"
3244792,3.0570982,"CONFIRMED"
1724719,5.79179934,"CONFIRMED"
8120608,129.945392,"CONFIRMED"
9366617,26.5487294,"CONFIRMED"
4548011,6.28384079,"CONFIRMED"
8459663,174.510276,"CONFIRMED"
7046035,2.27164952,"CONFIRMED"
8463346,64.0019669,"CONFIRMED"
5868793,4.83809469,"CONFIRMED"
10063208,9.3281912,"CONFIRMED"
10669994,2.71603664,"CONFIRMED"
9183378,3.38557445,"CONFIRMED"
7596240,13.3997555,"CONFIRMED"
7427764,4.56383697,"CONFIRMED"
8416523,0.341842017,"CONFIRMED"
9872831,5.49548533,"CONFIRMED"
12306058,20.4853893,"CONFIRMED"
8507475,3.58273837,"CONFIRMED"
8773015,15.604841,"CONFIRMED"
11080405,12.3101351,"CONFIRMED"
11509504,2.61576515,"CONFIRMED"
11611275,6.94245216,"CONFIRMED"
11612280,9.4061364,"CONFIRMED"
11444514,66.373298,"CONFIRMED"
9886361,13.61165024,"CONFIRMED"
9702006,6.24564633,"CONFIRMED"
6587002,122.0804953,"CONFIRMED"
11718389,5.94373492,"CONFIRMED"
10329196,85.7567919,"CONFIRMED"
10604592,2.18660188,"CONFIRMED"
9285568,2.55315031,"CONFIRMED"
7604328,2.936587946,"CONFIRMED"
7103919,10.7769944,"CONFIRMED"
10722485,7.84931877,"CONFIRMED"
6937529,2.94648935,"CONFIRMED"
5177859,6.98472143,"CONFIRMED"
9883606,4.34195312,"CONFIRMED"
5860968,122.358116,"CONFIRMED"
3645438,7.298142,"CONFIRMED"
8480582,18.5010898,"CONFIRMED"
11125613,3.60082855,"CONFIRMED"
10525049,15.5714121,"CONFIRMED"
9896018,3.59645081,"CONFIRMED"
5095082,20.6579443,"CONFIRMED"
11560897,110.978266,"CONFIRMED"
6752002,6.08003714,"CONFIRMED"
7257966,3.035206175,"CONFIRMED"
10407482,6.30558387,"CONFIRMED"
5371777,0.991659646,"CONFIRMED"
6879171,6.96352699,"CONFIRMED"
9897364,64.2729088,"CONFIRMED"
12505503,3.4327371,"CONFIRMED"
10526887,1.450889836,"CONFIRMED"
11125613,5.72716067,"CONFIRMED"
8733898,3.036208739,"CONFIRMED"
9828127,18.0541469,"CONFIRMED"
5644412,1.538185321,"CONFIRMED"
10730070,7.61758198,"CONFIRMED"
2831055,2.20923119,"CONFIRMED"
7703882,5.88350251,"CONFIRMED"
5340878,0.539915033,"CONFIRMED"
7450747,2.20829637,"CONFIRMED"
7826620,0.849906734,"CONFIRMED"
8890924,26.6565737,"CONFIRMED"
8573193,8.18504859,"CONFIRMED"
7673841,10.42317343,"CONFIRMED"
5084171,153.979362,"CONFIRMED"
11968463,56.4148314,"CONFIRMED"
10593535,20.9254083,"CONFIRMED"
5959719,13.0600399,"CONFIRMED"
9701962,27.4784659,"CONFIRMED"
5977470,140.251943,"CONFIRMED"
11284772,207.24785,"CONFIRMED"
6153407,5.99078221,"CONFIRMED"
11519187,2.440839436,"CONFIRMED"
8417078,23.6223571,"CONFIRMED"
9898017,2.29794819,"CONFIRMED"
6278762,4.54586982,"CONFIRMED"
4556468,114.336052,"CONFIRMED"
7747457,1.5184181,"CONFIRMED"
10026502,101.952048,"CONFIRMED"
9002278,12.4418003,"CONFIRMED"
11650401,3.94660745,"CONFIRMED"
6278762,6.18943952,"CONFIRMED"
9100953,8.70179611,"CONFIRMED"
6761777,47.3128645,"CONFIRMED"
9412623,6.1082945,"CONFIRMED"
4735826,7.545922037,"CONFIRMED"
7778621,7.28171395,"CONFIRMED"
9100953,44.9851885,"CONFIRMED"
6278762,7.74347801,"CONFIRMED"
4545570,5.60473115,"CONFIRMED"
11671579,5.17624997,"CONFIRMED"
9216775,3.91794676,"CONFIRMED"
6278762,9.74048508,"CONFIRMED"
9009036,6.76289308,"CONFIRMED"
2857607,41.8681996,"CONFIRMED"
5962262,8.61742738,"CONFIRMED"
7429240,196.436796,"CONFIRMED"
5003670,7.99144696,"CONFIRMED"
7133294,13.6471211,"CONFIRMED"
4381429,16.473474,"CONFIRMED"
10220837,1.962282625,"CONFIRMED"
6278762,3.60011712,"CONFIRMED"
6276791,9.32867952,"CONFIRMED"
8636600,6.38671206,"CONFIRMED"
9447166,62.869463,"CONFIRMED"
8151055,29.9632816,"CONFIRMED"
3348082,11.63486009,"CONFIRMED"
10615440,10.8118317,"CONFIRMED"
7510820,29.3493852,"CONFIRMED"
7983117,11.49500229,"CONFIRMED"
6880517,65.6491001,"CONFIRMED"
6615511,25.1593389,"CONFIRMED"
3632089,31.7787564,"CONFIRMED"
8397947,9.0194714,"CONFIRMED"
9569711,6.05919881,"CONFIRMED"
12314973,7.5143967,"CONFIRMED"
3348082,33.1981761,"CONFIRMED"
3632089,5.32784157,"CONFIRMED"
12735830,31.827649,"CONFIRMED"
6592335,0.824000125,"CONFIRMED"
10057494,2.41810158,"CONFIRMED"
6587796,33.4203001,"CONFIRMED"
8554701,31.1748311,"CONFIRMED"
9031209,47.0568476,"CONFIRMED"
8073705,10.60052083,"CONFIRMED"
4271474,21.8634638,"CONFIRMED"
11497958,63.3354719,"CONFIRMED"
9885417,0.689967868,"CONFIRMED"
8331612,13.8353959,"CONFIRMED"
5965819,19.5906103,"CONFIRMED"
5965819,8.23983041,"CONFIRMED"
8183288,66.6504521,"CONFIRMED"
5965819,3.54553077,"CONFIRMED"
8280511,5.24970432,"CONFIRMED"
12156174,56.6746666,"CONFIRMED"
4736644,16.2951259,"CONFIRMED"
12055539,12.27057043,"CONFIRMED"
12056139,13.2274753,"CONFIRMED"
9021075,7.28116667,"CONFIRMED"
4473613,4.36125889,"CONFIRMED"
8826007,54.5091549,"CONFIRMED"
8620402,14.1959621,"CONFIRMED"
7285757,19.5489666,"CONFIRMED"
5280587,35.6225528,"CONFIRMED"
4138008,112.303136,"CONFIRMED"
3120904,42.9136635,"CONFIRMED"
11757451,177.668663,"CONFIRMED"
8047428,92.263742,"CONFIRMED"
11513486,6.64754478,"CONFIRMED"
11189311,81.4160138,"CONFIRMED"
3544640,30.8278245,"CONFIRMED"
10653179,47.1607932,"CONFIRMED"
12066569,49.2768448,"CONFIRMED"
6497146,35.2330694,"CONFIRMED"
8016691,18.1373788,"CONFIRMED"
6584273,51.1104797,"CONFIRMED"
5768816,47.9869119,"CONFIRMED"
6368175,21.1876185,"CONFIRMED"
4939346,34.9168399,"CONFIRMED"
11455428,22.1270885,"CONFIRMED"
6265665,44.2018402,"CONFIRMED"
4645174,15.0330623,"CONFIRMED"
11657614,5.94228603,"CONFIRMED"
9785921,26.7575866,"CONFIRMED"
6599975,14.5565618,"CONFIRMED"
4282191,41.7084063,"CONFIRMED"
3559860,33.0257179,"CONFIRMED"
9967771,0.53835407,"CONFIRMED"
6705026,9.5084871,"CONFIRMED"
6779726,47.0563327,"CONFIRMED"
7288306,96.169569,"CONFIRMED"
11860395,82.303914,"CONFIRMED"
9529744,17.9346606,"CONFIRMED"
2995392,30.4544418,"CONFIRMED"
8078502,37.8862977,"CONFIRMED"
6975129,1.772451066,"CONFIRMED"
8644365,19.9158863,"CONFIRMED"
6364582,30.8609783,"CONFIRMED"
9529744,8.37159554,"CONFIRMED"
10328393,15.99560373,"CONFIRMED"
6118370,14.0328775,"CONFIRMED"
2717158,13.2226149,"CONFIRMED"
11521793,16.00747237,"CONFIRMED"
9085563,54.6493679,"CONFIRMED"
11337372,100.8276725,"CONFIRMED"
9763612,16.0505464,"CONFIRMED"
3561464,7.31945294,"CONFIRMED"
3561464,35.8007112,"CONFIRMED"
5213404,20.7057153,"CONFIRMED"
11551692,58.0198583,"CONFIRMED"
5531953,1.992812339,"CONFIRMED"
11754430,39.818832,"CONFIRMED"
9995771,25.4337864,"CONFIRMED"
5213230,52.6095103,"CONFIRMED"
3326377,198.7106251,"CONFIRMED"
10922659,31.2543238,"CONFIRMED"
6021275,110.2867031,"CONFIRMED"
7869917,11.8061737,"CONFIRMED"
11754430,6.15828666,"CONFIRMED"
8409295,82.292865,"CONFIRMED"
7131760,92.436978,"CONFIRMED"
11853878,7.68433346,"CONFIRMED"
9285265,16.5860329,"CONFIRMED"
5780930,16.7525077,"CONFIRMED"
7288444,15.3317719,"CONFIRMED"
10881457,84.704139,"CONFIRMED"
11810124,11.6044881,"CONFIRMED"
3433668,15.0219784,"CONFIRMED"
7503885,91.078624,"CONFIRMED"
3629330,85.272459,"CONFIRMED"
11853878,5.70940795,"CONFIRMED"
11810124,3.63898953,"CONFIRMED"
11303322,38.1303324,"CONFIRMED"
11241912,14.42735088,"CONFIRMED"
8824737,12.90235874,"CONFIRMED"
9349757,36.4337867,"CONFIRMED"
7703955,265.47847,"CONFIRMED"
8880123,46.7162336,"CONFIRMED"
8636333,82.175197,"CONFIRMED"
8081239,10.35857039,"CONFIRMED"
3745559,30.2541186,"CONFIRMED"
9117416,20.034708,"CONFIRMED"
9117416,3.15722086,"CONFIRMED"
7517261,23.2385587,"CONFIRMED"
8424002,20.35971899,"CONFIRMED"
10657406,1.682934607,"CONFIRMED"
7091432,11.55532445,"CONFIRMED"
6368230,26.0841212,"CONFIRMED"
9027909,64.6589166,"CONFIRMED"
9230021,8.74192361,"CONFIRMED"
8552719,9.10969334,"CONFIRMED"
6058816,73.7502765,"CONFIRMED"
6619815,65.9407869,"CONFIRMED"
11651712,14.53260546,"CONFIRMED"
9896558,153.348739,"CONFIRMED"
8738775,48.0506878,"CONFIRMED"
3728432,3.90863457,"CONFIRMED"
6696580,77.086191,"CONFIRMED"
9892816,1.644221032,"CONFIRMED"
5384079,17.2653659,"CONFIRMED"
11709124,33.0405509,"CONFIRMED"
9480535,160.130899,"CONFIRMED"
3128552,4.02582434,"CONFIRMED"
9892816,26.2347447,"CONFIRMED"
4150804,160.88451966,"CONFIRMED"
9025971,141.2415405,"CONFIRMED"
2581316,217.83184293,"CONFIRMED"
2581554,47.1484324,"CONFIRMED"
3128552,2.50475282,"CONFIRMED"
10363115,59.3627946,"CONFIRMED"
9761615,1.79110997,"CONFIRMED"
2581316,10.51421162,"CONFIRMED"
10795103,214.3120439,"CONFIRMED"
8494410,7.2593226,"CONFIRMED"
5784777,5.33905606,"CONFIRMED"
6949061,23.2218115,"CONFIRMED"
7102316,142.545,"CONFIRMED"
11518142,240.7990472,"CONFIRMED"
10788461,9.2075634,"CONFIRMED"
10788461,2.5903958,"CONFIRMED"
10788461,5.3235335,"CONFIRMED"
12784167,1.847892736,"CONFIRMED"
11253711,1.226223959,"CONFIRMED"
9489524,6.8873113,"CONFIRMED"
11709124,3.93276627,"CONFIRMED"
8505920,198.680859,"CONFIRMED"
4242692,1.138548215,"CONFIRMED"
6105462,89.7224125,"CONFIRMED"
8257205,7.12766417,"CONFIRMED"
4164922,1.210693626,"CONFIRMED"
12061969,1.090011003,"CONFIRMED"
10328393,34.2115022,"CONFIRMED"
5437945,440.7843755,"CONFIRMED"
9353742,0.938750221,"CONFIRMED"
9101496,67.844689,"CONFIRMED"
11450414,27.3214242,"CONFIRMED"
12557548,0.65355361,"CONFIRMED"
3657758,2.3702932,"CONFIRMED"
9517393,219.3215562,"CONFIRMED"
3440118,19.57783279,"CONFIRMED"
4472818,70.9672087,"CONFIRMED"
9411166,105.6552651,"CONFIRMED"
12154526,3.18899015,"CONFIRMED"
8804845,0.762132307,"CONFIRMED"
7515679,5.546083089,"CONFIRMED"
9351316,161.515617,"CONFIRMED"
5202905,14.8444836,"CONFIRMED"
11760860,2.41660149,"CONFIRMED"
12735740,282.5253558,"CONFIRMED"
8552719,88.40678718,"CONFIRMED"
3732035,138.944022,"CONFIRMED"
5195172,1.480283464,"CONFIRMED"
8832512,9.97682072,"CONFIRMED"
9280239,364.751562,"CONFIRMED"
9886255,105.9566815,"CONFIRMED"
9205938,199.66876,"CONFIRMED"
6803855,71.4523167,"CONFIRMED"
10153855,1.06378861,"CONFIRMED"
7762723,9.88736642,"CONFIRMED"
4178606,42.3520039,"CONFIRMED"
5980208,0.789160884,"CONFIRMED"
8036287,1.44445234,"CONFIRMED"
11187436,5.90741476,"CONFIRMED"
9823519,4.49686066,"CONFIRMED"
7047824,24.7543849,"CONFIRMED"
11358389,17.7838298,"CONFIRMED"
9602613,4.61225043,"CONFIRMED"
5807769,7.99022379,"CONFIRMED"
6041734,76.5369531,"CONFIRMED"
6606438,103.4269873,"CONFIRMED"
5773121,0.524175803,"CONFIRMED"
4814502,4.94330596,"CONFIRMED"
8142787,178.139072,"CONFIRMED"
11075429,23.9210408,"CONFIRMED"
11705004,9.03326435,"CONFIRMED"
11244682,3.490785878,"CONFIRMED"
5895158,1.093665854,"CONFIRMED"
4173026,116.583183,"CONFIRMED"
8934103,175.13892,"CONFIRMED"
4947556,13.0267964,"CONFIRMED"
9009953,234.240739,"CONFIRMED"
7679812,38.5763483,"CONFIRMED"
8282846,133.303247,"CONFIRMED"
5938970,125.4132302,"CONFIRMED"
7375348,25.30893566,"CONFIRMED"
8636434,308.544422,"CONFIRMED"
7810483,29.92208104,"CONFIRMED"
9904006,8.48651582,"CONFIRMED"
8081187,37.3228722,"CONFIRMED"
12061969,14.092583189,"CONFIRMED"
6342333,80.2321467,"CONFIRMED"
10404582,10.32736351,"CONFIRMED"
4570949,1.544928892,"CONFIRMED"
11497958,34.1420506,"CONFIRMED"
6444896,8.68910764,"CONFIRMED"
11442793,8.71980135,"CONFIRMED"
11442793,7.00821787,"CONFIRMED"
9758089,32.376183,"CONFIRMED"
10005758,284.063137,"CONFIRMED"
12405333,0.764863517,"CONFIRMED"
2715695,4.09578199,"CONFIRMED"
11442793,91.9401253,"CONFIRMED"
12352520,4.5770016,"CONFIRMED"
7455981,14.4540329,"CONFIRMED"
5474613,13.6164547,"CONFIRMED"
9823519,1.766789509,"CONFIRMED"
10587105,35.8656484,"CONFIRMED"
8558011,0.638162933,"CONFIRMED"
7742408,33.4969115,"CONFIRMED"
8231667,42.8774169,"CONFIRMED"
5437945,220.142913,"CONFIRMED"
1873513,3.290304098,"CONFIRMED"
5551240,4.13960513,"CONFIRMED"
4760478,287.377314,"CONFIRMED"
6184894,7.20281185,"CONFIRMED"
9002278,267.282521,"CONFIRMED"
6026438,16.9348104,"CONFIRMED"
8753896,14.5123622,"CONFIRMED"
11177676,47.0320478,"CONFIRMED"
7731281,76.377855,"CONFIRMED"
8745553,62.134919,"CONFIRMED"
7978202,509.997402,"CONFIRMED"
8891684,374.878133,"CONFIRMED"
9715631,425.483539,"CONFIRMED"
10777591,6.10968225,"CONFIRMED"
8037038,4.09513876,"CONFIRMED"
8105398,224.150923,"CONFIRMED"
9141355,469.61309,"CONFIRMED"
11037818,259.34304,"CONFIRMED"
11176166,9.8788502,"CONFIRMED"
10055126,232.040326,"CONFIRMED"
9285265,61.569765,"CONFIRMED"
6368175,31.8245304,"CONFIRMED"
8653134,5.34264143,"CONFIRMED"
8030339,5.71668787,"CONFIRMED"
8037145,51.1658019,"CONFIRMED"
7100673,5.99273265,"CONFIRMED"
7100673,5.10110666,"CONFIRMED"
3634051,453.54212,"CONFIRMED"
3645438,386.370512,"CONFIRMED"
8780959,5.1117547,"CONFIRMED"
8780959,9.6310258,"CONFIRMED"
5629353,7.5844241,"CONFIRMED"
10717220,21.0907909,"CONFIRMED"
10989274,16.17803,"CONFIRMED"
4247991,104.3519624,"CONFIRMED"
9839821,180.921729,"CONFIRMED"
6221385,19.672324,"CONFIRMED"
6221385,32.657035,"CONFIRMED"
7908367,12.2064304,"CONFIRMED"
7908367,6.6513189,"CONFIRMED"
4142847,210.631486,"CONFIRMED"
4665571,0.766691517,"CONFIRMED"
12206313,184.262741,"CONFIRMED"
10122538,20.9569985,"CONFIRMED"
10122538,37.6333868,"CONFIRMED"
11125797,12.25384348,"CONFIRMED"
4735826,11.3220104,"CONFIRMED"
11442793,124.922516,"CONFIRMED"
11450414,85.517344,"CONFIRMED"
8540376,10.692115,"CONFIRMED"
10736489,6.842939,"CONFIRMED"
10843431,8.7396758,"CONFIRMED"
7350067,4.48559215,"CONFIRMED"
9730163,8.15275885,"CONFIRMED"
8311864,384.847556,"CONFIRMED"
7935997,3.87594316,"CONFIRMED"
8873450,24.2783801,"CONFIRMED"
